t (s), x (mm), y (mm), theta (rad), v (mm/s), omega (rad/s)
0.0, 0, 0, 0.0, 0.0, 0.0
0.1, 0, 0, 0.0, 0.0, 0.0
0.2, 0, 0, -0.0008628905265147294, 62.507999999999996, 0.0
0.3, 5, 0, -0.0008628905265147294, 62.507999999999996, 0.0
0.4, 11, 0, -0.003739192281563827, 62.507999999999996, 0.00019175345033660654
0.5, 17, 0, -0.004506206082910254, 62.507999999999996, 0.00019175345033660654
0.6, 23, 0, -0.002492794854375885, 62.507999999999996, 9.587672516830327e-05
0.7, 29, 0, -0.0021092879537026716, 62.507999999999996, 9.587672516830327e-05
0.8, 35, 0, -0.0016299043278611557, 62.507999999999996, 9.587672516830327e-05
0.9, 41, 0, -0.0013422741523562457, 62.507999999999996, 0.0
1.0, 47, 0, -0.0010546439768513358, 62.507999999999996, 0.0
1.1, 54, 0, -0.0015340276026928523, 62.507999999999996, 9.587672516830327e-05
1.2, 60, 0, -0.0008628905265147294, 62.507999999999996, 0.0
1.3, 66, 0, -0.0012463974271879426, 62.507999999999996, 0.0
1.4, 72, 0, -0.0006711370761781229, 62.507999999999996, 0.0
1.6, 85, 0, -0.0004793836258415163, 62.507999999999996, 0.0
1.7, 91, 0, -0.0007670138013464262, 62.507999999999996, 0.0
1.8, 97, 0, -9.587672516830327e-05, 62.507999999999996, 0.0
1.9, 103, 0, -0.0006711370761781229, 62.507999999999996, 0.0
2.0, 110, 0, -0.0006711370761781229, 62.507999999999996, 0.0
2.1, 116, 0, -0.0011505207020196392, 62.507999999999996, 0.0
2.2, 122, 0, -0.0004793836258415163, 62.507999999999996, 0.0
2.3, 128, 0, -0.00019175345033660654, 62.507999999999996, 0.0
2.4, 134, 0, -0.0006711370761781229, 62.507999999999996, 0.0
2.5, 141, 0, -0.0004793836258415163, 62.507999999999996, 0.0
2.6, 147, 0, -0.0007670138013464262, 62.507999999999996, 0.0
2.7, 153, 0, -0.0010546439768513358, 62.507999999999996, 0.0
2.8, 159, 0, -0.0005752603510098196, 62.507999999999996, 0.0
2.9, 165, 0, -0.0011505207020196392, 62.507999999999996, 0.0
3.0, 172, 0, -0.0012463974271879426, 62.507999999999996, 0.0
3.1, 178, 0, -0.0008628905265147294, 62.507999999999996, 0.0
3.2, 184, 0, -0.0006711370761781229, 62.507999999999996, 0.0
3.3, 190, 0, -0.0003835069006732131, 62.507999999999996, 0.0
3.4, 197, 0, 9.587672516830327e-05, 62.507999999999996, 0.0
3.5, 203, 0, -0.0002876301755049098, 62.507999999999996, 0.0
3.6, 209, 0, -0.0004793836258415163, 62.507999999999996, 0.0
3.7, 215, 0, -0.00019175345033660654, 62.507999999999996, 0.0
3.8, 222, 0, -0.0009587672516830326, 62.507999999999996, 0.0
3.9, 228, 0, -0.0010546439768513358, 62.507999999999996, 0.0
4.0, 234, 0, -0.0005752603510098196, 62.507999999999996, 0.0
4.1, 240, 0, -0.0005752603510098196, 62.507999999999996, 0.0
4.2, 246, 0, -0.0005752603510098196, 62.507999999999996, 0.0
4.3, 253, 0, -0.0007670138013464262, 62.507999999999996, 0.0
4.4, 259, 0, -0.0007670138013464262, 62.507999999999996, 0.0
4.5, 265, 0, -0.0006711370761781229, 62.507999999999996, 0.0
4.6, 271, 0, -0.0009587672516830326, 62.507999999999996, 0.0
4.7, 278, 0, -0.0010546439768513358, 54.6945, 0.0
4.8, 283, 0, -0.0013422741523562457, 42.192899999999995, 0.0
4.9, 287, 0, -0.0011505207020196392, 32.19162, 0.0
5.0, 290, 0, -0.0007670138013464262, 24.690659999999998, 0.0
5.1, 293, 0, -0.0002876301755049098, 17.1897, 0.0
5.2, 295, 0, 0.0010546439768513358, 12.18906, 0.0
5.3, 295, 0, 0.0005752603510098196, 12.18906, 0.0
5.4, 295, 0, 0.03988471767001416, 62.507999999999996, 0.09319217686359078
5.5, 295, 0, 0.25800426742790405, 62.507999999999996, 0.0795776818896917
5.6, 295, 0, 0.5526334438701, 62.507999999999996, 0.06116935065737748
5.7, 295, 0, 0.8349903994907532, 62.507999999999996, 0.04352803322640968
5.8, 297, 3, 1.072668801182977, 62.507999999999996, 0.02962590807700571
5.9, 299, 8, 1.2535881815755654, 62.507999999999996, 0.019271221758828956
6.0, 301, 13, 1.3809124725990718, 62.507999999999996, 0.012272220821542819
6.1, 301, 19, 1.4668180183498718, 62.507999999999996, 0.0069031242121178355
6.2, 302, 24, 1.51945434046727, 62.507999999999996, 0.00412269918223704
6.3, 302, 30, 1.548792618368771, 62.507999999999996, 0.0023010414040392784
6.4, 302, 37, 1.570269004806471, 62.507999999999996, 0.0009587672516830326
6.5, 302, 43, 1.5777473893695986, 62.507999999999996, 0.0004793836258415163
6.6, 302, 49, 1.5809113213001527, 62.507999999999996, 0.0002876301755049098
6.7, 302, 55, 1.584171129955875, 62.507999999999996, 9.587672516830327e-05
6.8, 302, 61, 1.585801034283736, 62.507999999999996, 0.0
6.9, 302, 68, 1.5859927877340725, 62.507999999999996, 0.0
7.0, 302, 74, 1.5863762946347457, 62.507999999999996, 0.0
7.1, 302, 80, 1.5862804179095775, 62.507999999999996, 0.0
7.2, 302, 86, 1.587047431710924, 62.507999999999996, 0.0
7.3, 302, 92, 1.587047431710924, 62.507999999999996, 0.0
7.4, 302, 99, 1.5866639248102508, 62.507999999999996, 0.0
7.5, 302, 105, 1.5865680480850826, 62.507999999999996, 0.0
7.7, 302, 117, 1.5862804179095775, 62.507999999999996, 0.0
7.8, 302, 124, 1.5861845411844093, 62.507999999999996, 0.0
7.9, 302, 130, 1.5857051575585677, 62.507999999999996, 0.0
8.0, 302, 136, 1.5859927877340725, 62.507999999999996, 0.0
8.1, 302, 142, 1.5863762946347457, 62.507999999999996, 0.0
8.2, 302, 148, 1.5859927877340725, 62.507999999999996, 0.0
8.3, 302, 155, 1.5864721713599141, 62.507999999999996, 0.0
8.4, 301, 161, 1.5859927877340725, 62.507999999999996, -0.0003835069006732131
8.5, 301, 167, 1.5837876230552017, 62.507999999999996, -0.0002876301755049098
8.6, 301, 173, 1.5822535954525088, 62.507999999999996, -0.00019175345033660654
8.7, 301, 180, 1.581390704925994, 62.507999999999996, 0.0
8.8, 301, 186, 1.5811989514756575, 62.507999999999996, 0.0
8.9, 301, 192, 1.581294828200826, 62.507999999999996, 0.0
9.0, 301, 198, 1.5816783351014991, 62.507999999999996, 0.0
9.1, 301, 204, 1.5814865816511623, 62.507999999999996, 0.0
9.2, 301, 211, 1.5815824583763307, 62.507999999999996, 0.0
9.3, 301, 217, 1.5814865816511623, 62.507999999999996, 0.0
9.4, 301, 223, 1.581774211826667, 62.507999999999996, 0.0
9.5, 301, 229, 1.5818700885518355, 62.507999999999996, 9.587672516830327e-05
9.6, 301, 235, 1.5818700885518355, 62.507999999999996, 9.587672516830327e-05
9.7, 301, 242, 1.5823494721776772, 62.507999999999996, 9.587672516830327e-05
9.8, 301, 248, 1.5827329790783502, 62.507999999999996, 9.587672516830327e-05
9.9, 300, 254, 1.582637102353182, 62.507999999999996, -0.00019175345033660654
10.0, 300, 260, 1.5823494721776772, 62.507999999999996, -0.00019175345033660654
10.1, 300, 267, 1.5816783351014991, 62.507999999999996, -9.587672516830327e-05
10.2, 300, 273, 1.5810071980253209, 62.507999999999996, -9.587672516830327e-05
10.3, 300, 279, 1.5803360609491428, 52.194179999999996, 0.0
10.4, 300, 284, 1.579185540247123, 39.69258, 0.0
10.5, 300, 288, 1.5796649238729648, 29.6913, 0.0
10.6, 300, 291, 1.5795690471477963, 22.19034, 0.0
10.7, 300, 293, 1.5805278143994792, 17.1897, 0.0
10.8, 300, 295, 1.580144307498806, 12.18906, 0.0
10.9, 300, 295, 1.5803360609491428, 12.18906, 0.0
11.1, 300, 295, 1.8120701056809319, 62.507999999999996, 0.08063232586654305
11.2, 300, 295, 2.094522938026753, 62.507999999999996, 0.06299100843557526
11.3, 300, 295, 2.373620084991684, 62.507999999999996, 0.045541444454944055
11.4, 297, 297, 2.616188199667491, 62.507999999999996, 0.03135168913003517
11.5, 293, 299, 2.807366389653088, 62.507999999999996, 0.020325865735680293
11.7, 282, 301, 3.0244312954341264, 62.507999999999996, 0.007766014738632564
11.8, 276, 301, 3.085025385740494, 62.507999999999996, 0.004026822457068737
11.9, 270, 302, 3.115610061069183, 62.507999999999996, 0.002588671579544188
12.0, 264, 302, 3.1361276802552, 62.507999999999996, 0.0012463974271879426
12.1, 258, 302, -3.1363194337055362, 62.507999999999996, 0.0005752603510098196
12.2, 252, 302, -3.132388487973636, 62.507999999999996, 0.0003835069006732131
12.3, 245, 302, -3.1281699120662303, 62.507999999999996, 9.587672516830327e-05
12.4, 239, 302, -3.1278822818907255, 62.507999999999996, 9.587672516830327e-05
12.5, 233, 302, -3.1264441310132014, 62.507999999999996, 0.0
12.6, 227, 302, -3.126060624112528, 62.507999999999996, 0.0
12.7, 221, 302, -3.126060624112528, 62.507999999999996, 0.0
12.8, 214, 302, -3.1255812404866865, 62.507999999999996, 0.0
12.9, 208, 302, -3.1257729939370233, 62.507999999999996, 0.0
13.0, 202, 302, -3.127019391364211, 62.507999999999996, 0.0
13.1, 196, 302, -3.1252936103111817, 62.507999999999996, 0.0
13.2, 189, 302, -3.125485363761518, 62.507999999999996, 0.0
13.3, 183, 302, -3.125101856860845, 62.507999999999996, 0.0
13.4, 177, 302, -3.1257729939370233, 62.507999999999996, 0.0
13.5, 171, 302, -3.1251977335860133, 62.507999999999996, 0.0
13.6, 165, 301, -3.126731761188706, 62.507999999999996, -0.0003835069006732131
13.7, 158, 301, -3.128553418966904, 62.507999999999996, -0.0002876301755049098
13.8, 152, 301, -3.1302792000199333, 62.507999999999996, -0.00019175345033660654
13.9, 146, 301, -3.131717350897458, 62.507999999999996, -9.587672516830327e-05
14.0, 140, 301, -3.132100857798131, 62.507999999999996, -9.587672516830327e-05
14.1, 134, 301, -3.132963748324646, 62.507999999999996, 0.0
14.2, 127, 301, -3.1325802414239727, 62.507999999999996, 0.0
14.3, 121, 301, -3.132676118149141, 62.507999999999996, 0.0
14.4, 115, 301, -3.133251378500151, 62.507999999999996, 0.0
14.5, 109, 301, -3.1328678715994775, 62.507999999999996, 0.0
14.6, 102, 301, -3.132388487973636, 62.507999999999996, 0.0
14.7, 96, 301, -3.1324843646988043, 62.507999999999996, 0.0
14.8, 90, 301, -3.132388487973636, 62.507999999999996, 0.0
14.9, 84, 301, -3.1321967345232995, 62.507999999999996, 0.0
15.0, 78, 301, -3.132771994874309, 62.507999999999996, 9.587672516830327e-05
15.1, 71, 301, -3.132100857798131, 62.507999999999996, 9.587672516830327e-05
15.2, 65, 301, -3.1313338439967846, 62.507999999999996, 9.587672516830327e-05
15.3, 59, 300, -3.130758583645775, 62.507999999999996, -0.0002876301755049098
15.4, 53, 300, -3.1322926112484675, 62.507999999999996, -0.00019175345033660654
15.5, 46, 300, -3.1334431319504876, 62.507999999999996, -9.587672516830327e-05
15.6, 40, 300, -3.1333472552253188, 62.507999999999996, -9.587672516830327e-05
15.7, 34, 300, -3.134593652652507, 62.507999999999996, -9.587672516830327e-05
15.8, 28, 300, -3.1348812828280117, 62.507999999999996, 0.0
15.9, 22, 300, -3.135264789728685, 54.6945, 0.0
16.0, 16, 300, -3.1355524199041898, 39.69258, 0.0
16.1, 12, 300, -3.134306022477002, 29.6913, 0.0
16.2, 9, 300, -3.135168913003517, 22.19034, 0.0
16.3, 7, 300, -3.134593652652507, 17.1897, 0.0
16.4, 5, 300, -3.134306022477002, 12.18906, 0.0
16.5, 5, 300, -3.13440189920217, 62.507999999999996, 0.09520558809212515
16.6, 5, 300, -3.046099435322163, 62.507999999999996, 0.08974061475753185
16.7, 5, 300, -2.8011344025171483, 62.507999999999996, 0.07440033873060334
16.8, 5, 300, -2.5039165544954085, 62.507999999999996, 0.0558002540479525
16.9, 4, 299, -2.24217309478594, 62.507999999999996, 0.039980594395182464
17.0, 2, 296, -2.021752503624011, 62.507999999999996, 0.027133113222629825
17.1, 0, 291, -1.8573239199603708, 62.507999999999996, 0.017833070881304407
17.2, -1, 285, -1.7396831781788629, 62.507999999999996, 0.011025823394354876
17.3, -2, 280, -1.6598178661136662, 62.507999999999996, 0.006519617311444623
17.4, -2, 274, -1.613030024231534, 62.507999999999996, 0.003547438831227221
17.5, -2, 268, -1.584171129955875, 62.507999999999996, 0.0017257810530294589
17.6, -2, 262, -1.569022607379283, 62.507999999999996, 0.0008628905265147294
17.7, -2, 255, -1.564324647846036, 62.507999999999996, 0.0005752603510098196
17.8, -2, 249, -1.5587637977862745, 62.507999999999996, 0.00019175345033660654
18.0, -2, 237, -1.5550246055047108, 62.507999999999996, 0.0
18.1, -2, 231, -1.5547369753292057, 62.507999999999996, 0.0
18.2, -2, 225, -1.554832852054374, 62.507999999999996, 0.0
18.3, -2, 218, -1.555120482229879, 62.507999999999996, 0.0
18.4, -2, 212, -1.5547369753292057, 62.507999999999996, 0.0
18.5, -2, 206, -1.554449345153701, 62.507999999999996, 0.0
18.6, -2, 200, -1.5543534684285325, 62.507999999999996, 0.0
18.7, -2, 193, -1.5546410986040375, 62.507999999999996, 0.0
18.8, -2, 187, -1.5545452218788691, 62.507999999999996, 0.0
18.9, -2, 181, -1.555120482229879, 62.507999999999996, 0.0
19.0, -2, 175, -1.5549287287795424, 62.507999999999996, 0.0
19.1, -2, 169, -1.5546410986040375, 62.507999999999996, 0.0
19.2, -2, 162, -1.5546410986040375, 62.507999999999996, 0.0
19.3, -2, 156, -1.554832852054374, 62.507999999999996, 0.0
19.4, -2, 150, -1.5546410986040375, 62.507999999999996, 0.0
19.5, -2, 144, -1.5541617149781959, 62.507999999999996, 0.0
19.6, -1, 137, -1.5553122356802156, 62.507999999999996, -0.0004793836258415163
19.7, -1, 131, -1.5574215236339182, 62.507999999999996, -0.0002876301755049098
19.8, -1, 125, -1.5589555512366111, 62.507999999999996, -9.587672516830327e-05
19.9, -1, 119, -1.5597225650379574, 62.507999999999996, 0.0
20.0, -1, 113, -1.5596266883127894, 62.507999999999996, 0.0
20.1, -1, 106, -1.559530811587621, 62.507999999999996, 0.0
20.2, -1, 100, -1.5601060719386308, 62.507999999999996, 0.0
20.3, -1, 94, -1.5593390581372841, 62.507999999999996, 0.0
20.4, -1, 88, -1.5596266883127894, 62.507999999999996, 0.0
20.5, -1, 81, -1.5597225650379574, 62.507999999999996, 0.0
20.6, -1, 75, -1.5593390581372841, 62.507999999999996, 0.0
20.7, -1, 69, -1.5594349348624525, 62.507999999999996, 9.587672516830327e-05
20.8, -1, 63, -1.5594349348624525, 62.507999999999996, 0.0
20.9, -1, 57, -1.5587637977862745, 62.507999999999996, 9.587672516830327e-05
21.0, 0, 50, -1.5585720443359379, 62.507999999999996, -0.0002876301755049098
21.1, 0, 44, -1.5601060719386308, 62.507999999999996, -0.00019175345033660654
21.2, 0, 38, -1.5608730857399773, 62.507999999999996, -9.587672516830327e-05
21.3, 0, 32, -1.5618318529916602, 62.507999999999996, -9.587672516830327e-05
21.4, 0, 25, -1.5623112366175016, 62.19546, 0.0
21.6, 0, 15, -1.5619277297168284, 37.19226, 0.0
21.7, 0, 11, -1.561735976266492, 27.19098, 0.0
21.8, 0, 8, -1.5618318529916602, 19.69002, 0.0
21.9, 0, 6, -1.561735976266492, 14.68938, 0.0
22.0, 0, 5, -1.5612565926406505, 12.18906, 0.0
22.1, 0, 5, -1.5612565926406505, 62.507999999999996, 0.09510971136695684
22.3, 0, 5, -1.225975684727094, 62.507999999999996, 0.07411270855509842
22.4, 0, 5, -0.929812480682205, 62.507999999999996, 0.05560850059761589
22.5, 1, 4, -0.6562761837770359, 62.507999999999996, 0.03902182714349943
22.6, 4, 2, -0.43786900384364097, 62.507999999999996, 0.026366099421283398
22.7, 10, 0, -0.2761249684847134, 62.507999999999996, 0.017257810530294588
22.8, 15, -1, -0.16183991208409593, 62.507999999999996, 0.01054643976851336
22.9, 21, -2, -0.08686431300248276, 62.507999999999996, 0.006327863861108016
23.0, 27, -2, -0.04170637544821192, 62.507999999999996, 0.003547438831227221
23.1, 33, -2, -0.014765015675918702, 62.507999999999996, 0.001821657778197762
23.2, 39, -2, 0.0005752603510098196, 62.507999999999996, 0.0008628905265147294
23.3, 45, -2, 0.008724781990315598, 62.507999999999996, 0.0003835069006732131
23.4, 51, -2, 0.012463974271879424, 62.507999999999996, 0.00019175345033660654
23.5, 58, -2, 0.01409387859974058, 62.507999999999996, 9.587672516830327e-05
23.6, 64, -2, 0.015148522576591916, 62.507999999999996, 0.0
23.7, 70, -2, 0.015532029477265128, 62.507999999999996, 0.0
24.0, 89, -2, 0.015723782927601734, 62.507999999999996, 0.0
24.1, 95, -2, 0.01610728982827495, 62.507999999999996, 0.0
24.2, 101, -2, 0.01610728982827495, 62.507999999999996, 0.0
24.3, 107, -2, 0.01639492000377986, 62.507999999999996, 0.0
24.4, 114, -2, 0.015915536377938345, 62.507999999999996, 0.0
24.5, 120, -2, 0.01639492000377986, 62.507999999999996, 0.0
24.6, 126, -2, 0.01620316655344325, 62.507999999999996, 0.0
24.7, 132, -2, 0.015723782927601734, 62.507999999999996, 0.0
24.8, 138, -2, 0.015915536377938345, 62.507999999999996, 0.0
24.9, 145, -2, 0.016011413103106647, 62.507999999999996, 0.0
25.0, 151, -2, 0.016011413103106647, 62.507999999999996, 0.0
25.1, 157, -2, 0.016586673454116463, 62.507999999999996, 0.0
25.2, 163, -1, 0.01438150877524549, 62.507999999999996, -0.0003835069006732131
25.3, 170, -1, 0.011888713920869605, 62.507999999999996, -0.00019175345033660654
25.4, 176, -1, 0.010354686318176752, 62.507999999999996, 0.0
25.5, 182, -1, 0.01054643976851336, 62.507999999999996, 0.0
25.6, 188, -1, 0.010450563043345054, 62.507999999999996, 0.0
25.7, 194, -1, 0.010834069944018268, 62.507999999999996, 0.0
25.8, 201, -1, 0.011217576844691482, 62.507999999999996, 0.0
25.9, 207, -1, 0.010738193218849966, 62.507999999999996, 0.0
26.0, 213, -1, 0.010354686318176752, 62.507999999999996, 0.0
26.1, 219, -1, 0.010354686318176752, 62.507999999999996, 0.0
26.2, 226, -1, 0.010450563043345054, 62.507999999999996, 0.0
26.3, 232, -1, 0.010834069944018268, 62.507999999999996, 9.587672516830327e-05
26.4, 238, -1, 0.011409330295028088, 62.507999999999996, 9.587672516830327e-05
26.5, 244, -1, 0.011792837195701301, 62.507999999999996, 9.587672516830327e-05
26.6, 250, -1, 0.011792837195701301, 62.507999999999996, 9.587672516830327e-05
26.7, 257, 0, 0.012272220821542819, 62.507999999999996, -0.00019175345033660654
26.8, 263, 0, 0.011313453569859785, 62.507999999999996, -0.00019175345033660654
26.9, 269, 0, 0.010354686318176752, 62.507999999999996, -9.587672516830327e-05
27.0, 275, 0, 0.010258809593008449, 62.19546, -9.587672516830327e-05
27.2, 286, 0, 0.010258809593008449, 34.691939999999995, 0.0
27.3, 289, 0, 0.009779425967166933, 27.19098, 0.0
27.4, 292, 0, 0.010162932867840146, 19.69002, 0.0
27.6, 295, 0, 0.011025823394354876, 12.18906, 0.0
27.7, 295, 0, 0.011696960470532999, 62.507999999999996, 0.09491795791662024
27.8, 295, 0, 0.14314395067627678, 62.507999999999996, 0.08676843627731445
27.9, 295, 0, 0.39453272406756795, 62.507999999999996, 0.07104465334971273
28.0, 295, 0, 0.6864773522050515, 62.507999999999996, 0.052732198842566795
28.1, 296, 1, 0.9531105248981028, 62.507999999999996, 0.03662490901429185
28.2, 298, 5, 1.1590537305596182, 62.507999999999996, 0.02473619509342224
28.3, 300, 10, 1.3084296683718348, 62.507999999999996, 0.01639492000377986
28.4, 301, 16, 1.4192631626663932, 62.507999999999996, 0.009875302692335235
28.5, 302, 21, 1.4897325556650962, 62.507999999999996, 0.006040233685603106
28.6, 302, 27, 1.5321100681894861, 62.507999999999996, 0.0033556853808906144
28.7, 302, 33, 1.5579009072597598, 62.507999999999996, 0.0017257810530294589
28.8, 302, 40, 1.5740081970880346, 62.507999999999996, 0.0007670138013464262
28.9, 302, 46, 1.5793772936974597, 62.507999999999996, 0.0003835069006732131
29.0, 302, 52, 1.5831164859790234, 62.507999999999996, 0.00019175345033660654
29.1, 302, 58, 1.5845546368565482, 62.507999999999996, 9.587672516830327e-05
29.2, 302, 64, 1.5849381437572214, 62.507999999999996, 9.587672516830327e-05
29.3, 302, 71, 1.5859927877340725, 62.507999999999996, 0.0
29.4, 302, 77, 1.585513404108231, 62.507999999999996, 0.0
29.5, 302, 83, 1.5857051575585677, 62.507999999999996, 0.0
29.6, 302, 89, 1.585513404108231, 62.507999999999996, 0.0
29.7, 302, 95, 1.5856092808333995, 62.507999999999996, 0.0
29.8, 302, 102, 1.585801034283736, 62.507999999999996, 0.0
29.9, 302, 108, 1.5861845411844093, 62.507999999999996, 0.0
30.1, 302, 120, 1.5863762946347457, 62.507999999999996, 0.0
30.2, 302, 127, 1.5858969110089045, 62.507999999999996, 0.0
30.3, 302, 133, 1.586088664459241, 62.507999999999996, 0.0
30.4, 302, 139, 1.5861845411844093, 62.507999999999996, 0.0
30.5, 302, 145, 1.5861845411844093, 62.507999999999996, 0.0
30.6, 302, 151, 1.5862804179095775, 62.507999999999996, 0.0
30.7, 301, 158, 1.5871433084360924, 62.507999999999996, -0.0004793836258415163
30.8, 301, 164, 1.5827329790783502, 62.507999999999996, -0.00019175345033660654
30.9, 301, 170, 1.5820618420021721, 62.507999999999996, -0.00019175345033660654
31.0, 301, 176, 1.5811989514756575, 62.507999999999996, 0.0
31.1, 301, 183, 1.5811989514756575, 62.507999999999996, 0.0
31.2, 301, 189, 1.5816783351014991, 62.507999999999996, 0.0
31.3, 301, 195, 1.581774211826667, 62.507999999999996, 0.0
31.4, 301, 201, 1.5814865816511623, 62.507999999999996, 0.0
31.5, 301, 207, 1.5815824583763307, 62.507999999999996, 0.0
31.6, 301, 214, 1.581774211826667, 62.507999999999996, 0.0
31.8, 301, 226, 1.5811989514756575, 62.507999999999996, 9.587672516830327e-05
31.9, 301, 232, 1.5815824583763307, 62.507999999999996, 9.587672516830327e-05
32.0, 301, 239, 1.5824453489028454, 62.507999999999996, 9.587672516830327e-05
32.1, 301, 245, 1.582637102353182, 62.507999999999996, 9.587672516830327e-05
32.2, 300, 251, 1.5837876230552017, 62.507999999999996, -0.0002876301755049098
32.3, 300, 257, 1.5825412256280138, 62.507999999999996, -0.00019175345033660654
32.4, 300, 263, 1.581294828200826, 62.507999999999996, -9.587672516830327e-05
32.5, 300, 270, 1.5809113213001527, 62.507999999999996, -9.587672516830327e-05
32.6, 300, 276, 1.5806236911246476, 59.695139999999995, -9.587672516830327e-05
32.7, 300, 282, 1.577555635919262, 44.69322, 0.0
32.8, 300, 286, 1.5814865816511623, 34.691939999999995, 0.0
33.0, 300, 292, 1.580719567849816, 19.69002, 0.0
33.1, 300, 294, 1.5822535954525088, 14.68938, 0.0
33.2, 300, 295, 1.5809113213001527, 12.18906, 0.0
33.3, 300, 295, 1.5809113213001527, 62.507999999999996, 0.09501383464178853
33.4, 300, 295, 1.6903066647171865, 62.507999999999996, 0.088206587154839
33.5, 300, 295, 1.9400655337806165, 62.507999999999996, 0.07257868095240558
33.6, 300, 295, 2.23709162835202, 62.507999999999996, 0.05407447299492304
33.7, 299, 296, 2.4975886906343, 62.507999999999996, 0.038254813342153
33.8, 295, 298, 2.714078336064329, 62.507999999999996, 0.025694962345105276
33.9, 290, 300, 2.8713161653403465, 62.507999999999996, 0.016874303629621373
34.0, 285, 301, 2.9830125501614195, 62.507999999999996, 0.010354686318176752
34.1, 279, 302, 3.0576046423423593, 62.507999999999996, 0.006231987135939712
34.2, 273, 302, 3.1046801143999962, 62.507999999999996, 0.0032598086557223114
34.3, 267, 302, 3.1297998163940917, 62.507999999999996, 0.0017257810530294589
34.4, 261, 302, -3.1391957354605857, 62.507999999999996, 0.0007670138013464262
34.5, 255, 302, -3.132676118149141, 62.507999999999996, 0.0003835069006732131
34.6, 249, 302, -3.1280740353410623, 62.507999999999996, 9.587672516830327e-05
34.7, 242, 302, -3.127307021539716, 62.507999999999996, 0.0
34.8, 240, 302, -3.1239513361588256, 62.507999999999996, -9.587672516830327e-05
34.9, 240, 302, -3.1239513361588256, 62.507999999999996, -9.587672516830327e-05
35.0, 240, 302, -3.125101856860845, 62.507999999999996, 0.0
35.1, 240, 302, 3.1160894446950245, 62.507999999999996, 0.002492794854375885
35.2, 240, 302, 3.0632613691272894, 62.507999999999996, 0.0058484802352664995
35.3, 240, 302, 3.0048724434997927, 62.507999999999996, 0.009491795791662025
35.4, 240, 302, 2.9428402023159004, 62.507999999999996, 0.013326864798394154
35.5, 240, 302, 2.8793698102544836, 62.507999999999996, 0.01735368725546289
35.6, 240, 302, 2.8152282811168887, 62.507999999999996, 0.02138050971253163
35.7, 240, 302, 2.7505114916282842, 62.507999999999996, 0.025407332169600366
35.8, 240, 302, 2.6853153185138376, 62.507999999999996, 0.029434154626669103
35.9, 240, 302, 2.620023268674223, 62.507999999999996, 0.03355685380890614
36.0, 240, 302, 2.555402355910787, 62.507999999999996, 0.03758367626597488
36.1, 240, 302, 2.4903979362466773, 62.507999999999996, 0.041610498723043614
36.2, 240, 302, 2.4251058864070627, 62.507999999999996, 0.04573319790528066
36.3, 240, 302, 2.3601973434681214, 62.507999999999996, 0.049760020362349396
36.4, 240, 302, 2.29528880052918, 62.507999999999996, 0.053882719544586434
36.5, 240, 302, 2.230092627414734, 62.507999999999996, 0.05790954200165517
36.6, 240, 302, 2.1657593448268027, 62.507999999999996, 0.06193636445872391
36.7, 240, 302, 2.100467294987188, 62.507999999999996, 0.06605906364096094
36.8, 240, 302, 2.035654628773415, 62.507999999999996, 0.0700858860980297
36.9, 240, 302, 1.969883195307959, 62.507999999999996, 0.07420858528026673
37.0, 240, 302, 1.940832547581963, 62.507999999999996, 0.0760302430584645
37.1, 240, 302, 1.940832547581963, 62.507999999999996, 0.0760302430584645
37.2, 240, 302, 1.940832547581963, 62.507999999999996, 0.041610498723043614
37.3, 239, 303, 1.9399696570554483, 62.507999999999996, 0.0
37.4, 237, 308, 1.940832547581963, 62.507999999999996, 0.0
37.5, 235, 313, 1.93987378033028, 62.507999999999996, 0.0
37.6, 233, 319, 1.9387232596282604, 62.507999999999996, 0.0
37.7, 231, 325, 1.940161410505785, 62.507999999999996, 9.587672516830327e-05
37.8, 229, 330, 1.9399696570554483, 62.507999999999996, 9.587672516830327e-05
37.9, 227, 336, 1.9405449174064582, 62.507999999999996, 0.00019175345033660654
38.0, 224, 342, 1.9409284243071314, 62.507999999999996, 0.0
38.1, 222, 348, 1.9412160544826362, 62.507999999999996, 0.0
38.2, 220, 354, 1.9414078079329729, 62.507999999999996, 0.00019175345033660654
38.3, 218, 359, 1.942078945009151, 62.507999999999996, 9.587672516830327e-05
38.4, 215, 365, 1.9418871915588145, 62.507999999999996, 0.0
38.5, 213, 371, 1.941791314833646, 62.507999999999996, 0.0
38.6, 211, 377, 1.942750082085329, 62.507999999999996, 0.00019175345033660654
38.7, 209, 383, 1.9434212191615072, 54.38196, 0.0002876301755049098
38.8, 207, 388, 1.9426542053601608, 41.880359999999996, 0.0002876301755049098
38.9, 205, 392, 1.9426542053601608, 32.19162, 9.587672516830327e-05
39.0, 204, 395, 1.9434212191615072, 21.8778, 9.587672516830327e-05
39.1, 203, 397, 1.9439964795125169, 17.1897, 9.587672516830327e-05
39.4, 202, 400, 1.991743088646332, 9.68874, 0.0
39.5, 202, 400, 2.0464886987174333, 9.68874, 0.0
39.6, 201, 401, 2.105836391596613, 6.8758799999999995, -0.0002876301755049098
39.7, 201, 401, 2.1676768793301684, 6.563339999999999, -0.0003835069006732131
39.8, 201, 401, 2.2306678877657435, 6.563339999999999, -0.0004793836258415163
40.0, 201, 401, 2.35971795984228, 6.2508, -0.0006711370761781229
40.1, 201, 401, 2.424530626056053, 5.93826, -0.0007670138013464262
40.2, 201, 401, 2.489343292269826, 5.93826, -0.0008628905265147294
40.3, 201, 401, 2.5542518352087673, 5.625719999999999, -0.0009587672516830326
40.4, 201, 401, 2.6194480083232135, 5.625719999999999, -0.0010546439768513358
40.5, 201, 401, 2.6842606745369864, 5.31318, -0.0011505207020196392
40.6, 201, 401, 2.749265094201096, 5.31318, -0.0012463974271879426
40.7, 201, 401, 2.8146530207658786, 5.00064, -0.0013422741523562457
40.8, 201, 401, 2.8797533171551573, 5.00064, -0.001438150877524549
40.9, 201, 401, 2.883684262887057, 5.00064, -0.001438150877524549
41.1, 201, 401, 2.79988800508996, 5.31318, -0.0012463974271879426
41.2, 201, 401, 2.7439918743168397, 5.31318, -0.0012463974271879426
41.3, 201, 401, 2.718584542147239, 5.31318, -0.0011505207020196392
41.4, 201, 401, 2.720022693024764, 62.507999999999996, 0.00469795953324686
41.5, 196, 403, 2.743608367416166, 62.507999999999996, 0.0034515621060589178
41.6, 191, 405, 2.763454849526005, 62.507999999999996, 0.0023010414040392784
41.7, 186, 407, 2.7772610979502406, 62.507999999999996, 0.0017257810530294589
41.8, 180, 409, 2.78972507222212, 62.507999999999996, 0.0010546439768513358
42.0, 169, 413, 2.8016137861429895, 62.507999999999996, 0.0005752603510098196
42.2, 157, 417, 2.8100509379578003, 62.507999999999996, 0.00019175345033660654
42.3, 151, 419, 2.8125437328121765, 62.507999999999996, 9.587672516830327e-05
42.6, 133, 425, 2.8183922130474426, 62.507999999999996, 0.0
42.7, 128, 427, 2.8188715966732842, 62.507999999999996, 9.587672516830327e-05
42.8, 122, 429, 2.820022117375304, 62.507999999999996, 9.587672516830327e-05
42.9, 116, 431, 2.8205015010011456, 47.19354, 9.587672516830327e-05
43.1, 108, 434, 2.8228984191303534, 26.878439999999998, 0.00019175345033660654
43.2, 105, 435, 2.823857186382036, 19.37748, 0.00019175345033660654
43.3, 103, 435, 2.825103583809224, 14.68938, 0.0
43.4, 102, 436, 2.8249118303588876, 11.87652, 0.0002876301755049098
43.5, 101, 436, 2.8580851772671205, 9.68874, 0.0
43.6, 101, 436, 2.9109132528348556, 9.68874, 0.0
43.7, 100, 436, 2.9690145482868475, 6.8758799999999995, -0.00019175345033660654
43.8, 100, 436, 3.0307591592952345, 6.8758799999999995, -0.0002876301755049098
43.9, 100, 436, 3.0937501677308097, 6.563339999999999, -0.0003835069006732131
44.0, 100, 436, -3.1262523775628646, 6.563339999999999, -0.0004793836258415163
44.1, 100, 436, -3.0614397113490917, 6.2508, -0.0005752603510098196
44.2, 100, 436, -2.9970105520359915, 6.2508, -0.0006711370761781229
44.3, 100, 436, -2.9325813927228923, 5.93826, -0.0007670138013464262
44.4, 100, 436, -2.8674810963336137, 5.93826, -0.0008628905265147294
44.5, 100, 436, -2.802572553394673, 5.625719999999999, -0.0009587672516830326
44.6, 100, 436, -2.7380475173564047, 5.625719999999999, -0.0010546439768513358
44.7, 100, 436, -2.6735224813181366, 5.31318, -0.0011505207020196392
44.8, 100, 436, -2.6086139383791953, 5.31318, -0.0012463974271879426
44.9, 100, 436, -2.543993025615759, 5.00064, -0.0013422741523562457
45.0, 100, 436, -2.479180359401986, 5.00064, -0.001438150877524549
45.1, 100, 436, -2.414847076814054, 4.6880999999999995, -0.0015340276026928523
45.2, 100, 436, -2.4100532405556394, 4.6880999999999995, -0.0015340276026928523
45.3, 100, 436, -2.446294642669258, 5.00064, -0.001438150877524549
45.4, 100, 436, -2.4947123888792513, 5.00064, -0.0013422741523562457
45.5, 100, 436, -2.550512642927204, 5.31318, -0.0013422741523562457
45.6, 100, 436, -2.574961207845121, 5.31318, -0.0012463974271879426
45.7, 100, 436, -2.574002440593438, 62.507999999999996, 0.004314452632573647
45.8, 96, 434, -2.5512796567285503, 62.507999999999996, 0.0034515621060589178
45.9, 91, 431, -2.529515640115345, 62.507999999999996, 0.002492794854375885
46.1, 82, 424, -2.502286650167547, 62.507999999999996, 0.0010546439768513358
46.2, 77, 421, -2.4954794026805978, 62.507999999999996, 0.0010546439768513358
46.3, 72, 417, -2.4898226758956676, 62.507999999999996, 0.0007670138013464262
46.4, 67, 413, -2.4845494560114108, 62.507999999999996, 0.0005752603510098196
46.5, 62, 409, -2.479947373203332, 62.507999999999996, 0.0003835069006732131
46.6, 57, 405, -2.4764958110972737, 62.507999999999996, 0.00019175345033660654
46.7, 52, 402, -2.475153536944917, 62.507999999999996, 0.0005752603510098196
46.8, 47, 398, -2.472948372266046, 62.507999999999996, 0.0004793836258415163
46.9, 42, 394, -2.4705514541368387, 62.507999999999996, 0.0003835069006732131
47.0, 38, 390, -2.4702638239613335, 62.507999999999996, 9.587672516830327e-05
47.1, 33, 386, -2.4689215498089774, 62.507999999999996, 9.587672516830327e-05
47.2, 28, 382, -2.467962782557294, 49.69386, 0.0
47.3, 24, 379, -2.4661411247790967, 37.19226, 9.587672516830327e-05
47.4, 21, 377, -2.4653741109777503, 29.37876, 0.0002876301755049098
47.5, 19, 375, -2.4640318368253937, 22.19034, 9.587672516830327e-05
47.6, 17, 374, -2.4635524531995525, 16.87716, 0.0002876301755049098
47.7, 16, 373, -2.4614431652458495, 11.87652, 0.00019175345033660654
47.8, 15, 372, -2.4338306683973783, 9.68874, 9.587672516830327e-05
47.9, 15, 372, -2.3823448669819998, 9.68874, 0.0
48.0, 15, 372, -2.324627078430681, 9.68874, 0.0
48.1, 15, 372, -2.2635536044984716, 9.68874, -9.587672516830327e-05
48.2, 15, 372, -2.2008502262384013, 9.376199999999999, -0.0002876301755049098
48.3, 15, 372, -2.1369004505511433, 9.063659999999999, -0.0003835069006732131
48.4, 15, 371, -2.072471291238043, 6.2508, -0.0006711370761781229
48.5, 15, 371, -2.0080421319249435, 5.93826, -0.0007670138013464262
48.6, 15, 371, -1.9435170958866756, 5.93826, -0.0008628905265147294
48.7, 15, 371, -1.8784167994973975, 5.625719999999999, -0.0009587672516830326
48.8, 15, 371, -1.8135082565584562, 5.625719999999999, -0.0010546439768513358
48.9, 15, 371, -1.7484079601691784, 5.31318, -0.0011505207020196392
49.0, 15, 371, -1.6850334448329298, 5.31318, -0.0012463974271879426
49.1, 15, 371, -1.6195496415429789, 5.00064, -0.0013422741523562457
49.2, 15, 371, -1.553874084802691, 5.00064, -0.001438150877524549
49.3, 15, 371, -1.4888696651385815, 4.6880999999999995, -0.0015340276026928523
49.5, 15, 371, -1.359052579260699, 4.37556, -0.0017257810530294589
49.6, 15, 371, -1.3545463731777885, 4.37556, -0.0017257810530294589
49.7, 15, 371, -1.3895413778642194, 4.6880999999999995, -0.0016299043278611557
49.9, 15, 371, -1.4935676246718284, 4.6880999999999995, -0.0015340276026928523
50.2, 15, 371, -1.5179203128645773, 62.507999999999996, 0.0005752603510098196
50.3, 15, 367, -1.5167697921625578, 62.507999999999996, 0.0005752603510098196
50.4, 15, 361, -1.5144687507585184, 62.507999999999996, 0.0006711370761781229
50.5, 15, 355, -1.5103460515762812, 62.507999999999996, 0.0007670138013464262
50.6, 15, 349, -1.506702736019886, 62.507999999999996, 0.0008628905265147294
50.7, 15, 343, -1.5024841601124805, 62.507999999999996, 0.0009587672516830326
50.8, 16, 337, -1.4968274333275506, 62.507999999999996, 0.0005752603510098196
51.0, 17, 325, -1.4908830763671157, 61.57038, 0.0003835069006732131
51.1, 17, 319, -1.487143884085552, 46.255919999999996, 0.0006711370761781229
51.2, 18, 314, -1.4826376780026418, 34.3794, 0.0002876301755049098
51.3, 18, 311, -1.4796654995224243, 26.5659, 0.0003835069006732131
51.4, 18, 308, -1.4767891977673753, 18.752399999999998, 0.0005752603510098196
51.5, 18, 306, -1.4731458822109798, 13.751759999999999, 0.0005752603510098196
51.6, 18, 305, -1.470461333906267, 11.251439999999999, 0.0006711370761781229
51.7, 18, 305, -1.4761180606911972, 25.0032, -0.012272220821542819
51.8, 19, 302, -1.543135891583841, 24.690659999999998, -0.013902125149403973
51.9, 19, 300, -1.6253981217782454, 24.37812, -0.01409387859974058
52.0, 19, 297, -1.71609750378746, 23.4405, -0.014765015675918702
52.1, 19, 295, -1.811494845329922, 23.4405, -0.014765015675918702
52.2, 18, 293, -1.9097684886274329, 23.127959999999998, -0.014956769126255308
52.3, 17, 291, -2.0111101871303294, 22.81542, -0.015052645851423612
52.4, 16, 289, -2.1141776666862553, 22.81542, -0.015148522576591916
52.5, 15, 287, -2.2223266126761017, 22.502879999999998, -0.01524439930176022
52.6, 14, 285, -2.3267363663843836, 23.75304, -0.016011413103106647
52.7, 12, 283, -2.43431005202322, 23.4405, -0.016299043278611557
52.8, 10, 282, -2.5452394230429465, 23.4405, -0.016299043278611557
52.9, 8, 281, -2.6586615889170493, 23.4405, -0.01620316655344325
53.0, 6, 280, -2.7735219056686766, 23.75304, -0.01610728982827495
53.1, 3, 279, -2.8866564413672746, 24.065579999999997, -0.01735368725546289
53.2, 1, 279, -3.001325004668565, 24.690659999999998, -0.017161933805126286
53.3, -1, 278, -3.1193492533507468, 26.253359999999997, -0.017737194156136102
53.4, -4, 278, 3.04456540771947, 25.94082, -0.017833070881304407
53.5, -6, 278, 2.9219390762292106, 26.5659, -0.017449563980631196
53.6, -9, 279, 2.798353977487267, 26.253359999999997, -0.0176413174309678
53.7, -12, 280, 2.675248262371166, 27.19098, -0.018600084682650835
53.8, -14, 281, 2.5507043963775398, 27.81606, -0.018216577781977623
53.9, -16, 283, 2.4266399140097556, 27.81606, -0.018120701056809317
54.0, -18, 285, 2.3011372807644466, 27.81606, -0.018120701056809317
54.1, -20, 287, 2.174580003542286, 28.1286, -0.018024824331641015
54.2, -21, 289, 2.0519536720520266, 28.75368, -0.017737194156136102
54.3, -22, 292, 1.9279850664094105, 28.441139999999997, -0.017833070881304407
54.4, -23, 295, 1.8030576935151112, 28.1286, -0.017928947606472713
54.5, -24, 298, 1.6802396085745148, 29.37876, -0.01879183813298744
54.6, -24, 301, 1.5540658382530277, 29.37876, -0.01879183813298744
54.7, -24, 304, 1.4268374239546893, 29.37876, -0.018695961407819137
54.8, -24, 306, 1.3007595303583703, 30.31638, -0.018216577781977623
54.9, -23, 309, 1.1748733902123882, 30.31638, -0.018216577781977623
55.0, -22, 312, 1.0483161129902279, 31.56654, -0.01898359158332405
55.1, -20, 315, 0.9203206848905431, 31.253999999999998, -0.019175345033660654
55.2, -19, 315, 0.8709441714288668, 30.31638, -0.018120701056809317
55.4, -19, 315, 0.8319223442853674, 31.253999999999998, -0.0176413174309678
55.5, -19, 315, 0.7786148850917908, 32.19162, -0.017066057079957984
55.6, -19, 315, 0.7202259594642941, 33.44178, -0.01639492000377986
55.7, -19, 315, 0.6587689786314117, 34.3794, -0.01562790620243343
55.8, -19, 315, 0.5957779701958366, 35.62956, -0.014860892401087006
55.9, -19, 315, 0.5320199479589148, 36.87972, -0.01409387859974058
56.0, -19, 315, 0.4673031584703101, 38.12988, -0.013326864798394154
56.1, -19, 315, 0.4031616293327152, 39.38004, -0.012559850997047728
56.2, -19, 315, 0.33873247001961543, 40.630199999999995, -0.011792837195701301
56.3, -19, 315, 0.2732486667296643, 41.880359999999996, -0.011025823394354876
56.4, -19, 315, 0.208340123790723, 43.13052, -0.010258809593008449
56.5, -19, 315, 0.14391096447762322, 44.38068, -0.009491795791662025
56.6, -19, 315, 0.07881066808834529, 45.63084, -0.0088206587154839
56.7, -19, 315, 0.013998001874572277, 46.881, -0.007957768188969172
56.8, -19, 315, -0.05110229451470564, 48.131159999999994, -0.007190754387622745
56.9, -19, 315, -0.11649022107948846, 49.381319999999995, -0.006423740586276319
57.0, -19, 315, -0.18111113384292488, 50.631479999999996, -0.005656726784929893
57.1, -19, 315, -0.2462114302322028, 51.88164, -0.0048897129835834665
57.2, -19, 315, -0.31083234299563917, 53.1318, -0.004218575907405343
57.3, -19, 315, -0.3753573790339073, 54.38196, -0.0034515621060589178
57.4, -19, 315, -0.4404576754231852, 55.63212, -0.002588671579544188
57.5, -19, 315, -0.50517446491179, 56.882279999999994, -0.0019175345033660652
57.6, -19, 315, -0.5702747613010678, 57.8199, -0.0011505207020196392
57.7, -19, 315, -0.6355668111406823, 59.07006, -0.0002876301755049098
57.8, -19, 315, -0.7006671075299602, 59.3826, 0.0002876301755049098
57.9, -19, 315, -0.7297177552559562, 58.75752, 0.0006711370761781229
58.0, -19, 315, -0.7297177552559562, 58.75752, 0.0006711370761781229
58.1, -19, 315, -0.7297177552559562, 62.507999999999996, -0.021955770063541446
58.2, -18, 315, -0.7313476595838173, 62.507999999999996, -0.0006711370761781229
58.3, -14, 312, -0.7375796467197571, 62.507999999999996, -0.0006711370761781229
58.4, -10, 308, -0.7387301674217767, 62.507999999999996, -0.0003835069006732131
58.5, -6, 304, -0.7430446200543503, 62.507999999999996, -9.587672516830327e-05
58.6, -1, 300, -0.7443868942067066, 62.507999999999996, -0.0002876301755049098
58.7, 3, 295, -0.7457291683590629, 62.507999999999996, 9.587672516830327e-05
58.8, 8, 291, -0.746112675259736, 62.507999999999996, 0.0
58.9, 13, 287, -0.7469755657862508, 62.507999999999996, -0.00019175345033660654
59.0, 17, 283, -0.7475508261372605, 62.507999999999996, 0.0
59.1, 22, 279, -0.748317839938607, 62.507999999999996, -0.0002876301755049098
59.2, 26, 274, -0.7482219632134387, 62.507999999999996, 9.587672516830327e-05
59.3, 31, 270, -0.7481260864882704, 62.507999999999996, 0.0
59.4, 35, 266, -0.748317839938607, 62.507999999999996, 0.0
59.5, 40, 262, -0.7486054701141119, 62.507999999999996, -9.587672516830327e-05
59.6, 45, 257, -0.7485095933889435, 57.19482, 0.0
59.7, 49, 253, -0.7485095933889435, 42.192899999999995, 0.0
59.8, 52, 251, -0.7496601140909632, 34.3794, -0.00019175345033660654
59.9, 54, 248, -0.7491807304651217, 24.690659999999998, 9.587672516830327e-05
60.0, 56, 247, -0.7489889770147852, 19.69002, -9.587672516830327e-05
60.1, 58, 245, -0.7498518675412998, 12.18906, 0.0
60.2, 58, 245, -0.7515776485943294, 12.18906, 0.0
60.3, 59, 244, -0.7926128869663631, 9.68874, 0.0
60.4, 59, 244, -0.8455368392592666, 9.68874, 9.587672516830327e-05
60.5, 59, 244, -0.9040216416119314, 9.376199999999999, 0.00019175345033660654
60.6, 59, 243, -0.9649992388189723, 6.563339999999999, 0.0004793836258415163
60.7, 59, 243, -1.0279902472545477, 6.2508, 0.0005752603510098196
60.8, 59, 243, -1.0920358996669741, 6.2508, 0.0006711370761781229
60.9, 59, 243, -1.1559856753542324, 5.93826, 0.0007670138013464262
61.0, 59, 243, -1.2206065881176689, 5.93826, 0.0008628905265147294
61.1, 60, 243, -1.2850357474307688, 4.06302, 0.0004793836258415163
61.2, 60, 243, -1.3500401670948783, 4.06302, 0.0004793836258415163
61.3, 60, 243, -1.4141816962324731, 3.7504799999999996, 0.0005752603510098196
61.4, 60, 243, -1.4791861158965827, 3.7504799999999996, 0.0006711370761781229
61.5, 60, 243, -1.544094658835524, 3.7504799999999996, 0.0006711370761781229
61.6, 60, 243, -1.6096743388506434, 3.4379399999999998, 0.0007670138013464262
61.7, 60, 243, -1.6744870050644167, 3.4379399999999998, 0.0008628905265147294
61.8, 60, 243, -1.738820287652348, 3.4379399999999998, 0.0008628905265147294
61.9, 60, 243, -1.8043040909422992, 3.1254, 0.0009587672516830326
62.0, 60, 243, -1.8695961407819137, 3.1254, 0.0010546439768513358
62.1, 60, 243, -1.934888190621528, 3.1254, 0.0010546439768513358
62.2, 60, 243, -2.000180240461143, 2.8128599999999997, 0.0011505207020196392
62.3, 60, 243, -2.064513523049074, 2.8128599999999997, 0.0012463974271879426
62.4, 60, 243, -2.129230312537679, 2.8128599999999997, 0.0012463974271879426
62.5, 60, 243, -2.1942347322017888, 2.50032, 0.0013422741523562457
62.6, 60, 243, -2.2591432751407297, 2.50032, 0.001438150877524549
62.7, 60, 243, -2.3237641879041666, 2.50032, 0.001438150877524549
62.8, 60, 243, -2.389152114468949, 2.18778, 0.0015340276026928523
62.9, 60, 243, -2.453773027232385, 2.18778, 0.0016299043278611557
63.0, 60, 243, -2.5188733236216634, 2.18778, 0.0016299043278611557
63.1, 60, 243, -2.5836859898354367, 1.8752399999999998, 0.0017257810530294589
63.2, 60, 243, -2.6484986560492096, 1.8752399999999998, 0.001821657778197762
63.3, 60, 243, -2.7134071989881505, 1.8752399999999998, 0.001821657778197762
63.4, 60, 243, -2.7784116186522603, 1.5627, 0.0019175345033660652
63.5, 60, 243, -2.843128408140865, 1.5627, 0.0020134112285343686
63.6, 60, 243, -2.9083245812553113, 1.5627, 0.0020134112285343686
63.7, 60, 243, -2.9738083845452623, 1.25016, 0.0021092879537026716
63.8, 60, 243, -3.03890868093454, 1.25016, 0.002205164678870975
63.9, 60, 243, -3.103721347148313, 1.25016, 0.002205164678870975
64.0, 60, 243, 3.115034800718173, 0.9376199999999999, 0.0023010414040392784
64.1, 60, 243, 3.050126257779232, 0.9376199999999999, 0.0023969181292075818
64.2, 60, 243, 2.9853135915654585, 0.9376199999999999, 0.0023969181292075818
64.3, 60, 243, 2.920309171901349, 0.62508, 0.002492794854375885
64.4, 60, 243, 2.85530475223724, 0.62508, 0.002588671579544188
64.5, 60, 243, 2.79030033257313, 0.62508, 0.002588671579544188
64.6, 60, 243, 2.725200036183852, 0.31254, 0.0026845483047124915
64.7, 60, 243, 2.6599079863442374, 0.31254, 0.002780425029880795
64.8, 60, 243, 2.594903566680128, 0.31254, 0.002780425029880795
64.9, 60, 243, 2.5309537909928697, 0.0, 0.002876301755049098
65.0, 60, 243, 2.4662370015042647, 0.0, 0.0029721784802174012
65.1, 60, 243, 2.4016160887408287, 0.0, 0.0029721784802174012
65.2, 60, 243, 2.336324038901214, 0.0, -0.0030680552053857046
65.3, 60, 243, 2.330954942291789, 0.0, -0.0030680552053857046
65.4, 60, 243, 2.3658540702530515, 0.0, 0.0030680552053857046
65.5, 60, 243, 2.414175939737876, 0.0, 0.0029721784802174012
65.6, 60, 243, 2.469688563610324, 0.0, 0.0029721784802174012
65.7, 60, 243, 2.4951917725050925, 0.0, 0.002876301755049098
65.8, 60, 243, 2.495095895779924, 62.507999999999996, -0.0005752603510098196
65.9, 57, 245, 2.4903979362466773, 62.507999999999996, -0.0005752603510098196
66.0, 53, 248, 2.4787968525013127, 62.507999999999996, -0.00019175345033660654
66.1, 48, 252, 2.4808102637298473, 62.507999999999996, -0.00019175345033660654
66.2, 43, 256, 2.478029838699966, 62.507999999999996, -9.587672516830327e-05
66.3, 39, 259, 2.478317468875471, 62.507999999999996, -9.587672516830327e-05
66.4, 34, 263, 2.4779339619747978, 62.507999999999996, -9.587672516830327e-05
66.5, 29, 267, 2.4771669481734513, 62.507999999999996, -9.587672516830327e-05
66.6, 24, 271, 2.4768793179979465, 62.507999999999996, 0.0
66.7, 19, 275, 2.4761123041966, 59.695139999999995, 0.0
66.8, 15, 278, 2.475824674021095, 47.19354, 0.0
66.9, 11, 281, 2.4755370438455904, 34.691939999999995, -9.587672516830327e-05
67.0, 8, 283, 2.4755370438455904, 24.37812, -0.00019175345033660654
67.1, 6, 285, 2.475345290395254, 17.1897, 0.0
67.2, 5, 286, 2.4750576602197487, 14.68938, 0.0
67.3, 4, 287, 2.475441167120422, 12.18906, 0.0
67.4, 4, 287, 2.475441167120422, 12.18906, 0.0
67.5, 4, 287, 2.543993025615759, 62.507999999999996, 0.13355627815944646
67.6, 4, 287, 2.779945646254953, 62.507999999999996, 0.11879126248352775
67.7, 4, 287, 3.0736160554454663, 62.507999999999996, 0.10038293125121352
67.8, 4, 287, -2.916186472719112, 62.507999999999996, 0.08207047674406759
67.9, 4, 287, -2.6032448417697704, 62.507999999999996, 0.06251162480973373
68.0, 4, 287, -2.3214631465001268, 62.507999999999996, 0.044870307378765927
68.1, 3, 284, -2.0834012379072298, 62.507999999999996, 0.03048879860352044
68.2, 1, 280, -1.897879774706563, 62.507999999999996, 0.01994235883500708
68.3, 0, 274, -1.7704596069578882, 62.507999999999996, 0.012463974271879424
68.4, -1, 269, -1.6792808413228317, 62.507999999999996, 0.007190754387622745
68.5, -2, 263, -1.6238640941755524, 62.507999999999996, 0.004218575907405343
68.7, -2, 251, -1.5735288134621932, 62.507999999999996, 0.0011505207020196392
68.8, -2, 245, -1.5650916616473827, 62.507999999999996, 0.0005752603510098196
68.9, -2, 239, -1.5598184417631258, 62.507999999999996, 0.0002876301755049098
69.0, -2, 232, -1.5567503865577401, 62.507999999999996, 9.587672516830327e-05
69.1, -2, 226, -1.556462756382235, 62.507999999999996, 0.0
69.2, -2, 220, -1.5552163589550472, 62.507999999999996, 0.0
69.3, -2, 214, -1.5552163589550472, 62.507999999999996, 0.0
69.4, -2, 208, -1.5545452218788691, 62.507999999999996, 0.0
69.5, -2, 201, -1.5545452218788691, 62.507999999999996, 0.0
69.6, -2, 195, -1.5546410986040375, 62.507999999999996, 0.0
69.7, -2, 189, -1.5543534684285325, 62.507999999999996, 0.0
69.8, -2, 183, -1.5543534684285325, 62.507999999999996, 0.0
69.9, -2, 177, -1.5543534684285325, 62.507999999999996, 0.0
70.0, -2, 170, -1.5546410986040375, 62.507999999999996, 0.0
70.1, -2, 164, -1.5550246055047108, 62.507999999999996, 0.0
70.2, -2, 158, -1.5559833727563936, 62.507999999999996, 0.0
70.3, -2, 152, -1.5547369753292057, 62.507999999999996, 0.0
70.4, -2, 145, -1.5553122356802156, 62.507999999999996, 0.0
70.5, -1, 139, -1.5549287287795424, 62.507999999999996, -0.0004793836258415163
70.6, -1, 133, -1.5572297701835816, 62.507999999999996, -0.0002876301755049098
70.7, -1, 127, -1.5585720443359379, 62.507999999999996, -0.00019175345033660654
70.8, -1, 121, -1.5591473046869477, 62.507999999999996, -9.587672516830327e-05
70.9, -1, 114, -1.5599143184882942, 62.507999999999996, 0.0
71.0, -1, 108, -1.5594349348624525, 62.507999999999996, 0.0
71.1, -1, 102, -1.5601060719386308, 62.507999999999996, 0.0
71.2, -1, 96, -1.5599143184882942, 62.507999999999996, 0.0
71.3, -1, 89, -1.5602978253889672, 62.507999999999996, 0.0
71.4, -1, 83, -1.560489578839304, 62.507999999999996, 0.0
71.5, -1, 77, -1.5608730857399773, 62.507999999999996, 0.0
71.6, -1, 71, -1.5603937021141356, 62.507999999999996, 9.587672516830327e-05
71.7, -1, 65, -1.560201948663799, 62.507999999999996, 9.587672516830327e-05
71.8, -1, 58, -1.559530811587621, 62.507999999999996, 9.587672516830327e-05
71.9, -1, 52, -1.5592431814121162, 62.507999999999996, 9.587672516830327e-05
72.0, -1, 46, -1.5581885374352646, 62.507999999999996, 9.587672516830327e-05
72.1, 0, 40, -1.5584761676107695, 62.507999999999996, -0.00019175345033660654
72.2, 0, 33, -1.559530811587621, 62.507999999999996, -9.587672516830327e-05
72.3, 0, 27, -1.560489578839304, 62.507999999999996, -9.587672516830327e-05
72.4, 0, 21, -1.5610648391903137, 52.194179999999996, 0.0
72.5, 0, 16, -1.5610648391903137, 39.69258, 0.0
72.6, 0, 12, -1.5621194831671652, 29.6913, 0.0
72.7, 0, 9, -1.5620236064419968, 22.19034, 0.0
72.9, 0, 5, -1.5608730857399773, 12.18906, 0.0
73.0, 0, 5, -1.561448346090987, 12.18906, 0.0
73.1, 0, 5, -1.4973068169533923, 62.507999999999996, 0.09108288890988811
73.2, 0, 5, -1.2600119221618415, 62.507999999999996, 0.07622199650880108
73.3, 0, 5, -0.9694095681767143, 62.507999999999996, 0.058101295451991775
73.4, 0, 5, -0.695202134195367, 62.507999999999996, 0.0409393616468655
73.5, 3, 3, -0.4724805016293985, 62.507999999999996, 0.027996003749144554
73.6, 8, 1, -0.30392921878352136, 62.507999999999996, 0.01850420795748253
73.7, 14, 0, -0.18341217524696415, 62.507999999999996, 0.011409330295028088
73.8, 19, -1, -0.10047880797638183, 62.507999999999996, 0.006711370761781229
73.9, 25, -1, -0.050910541064369035, 62.507999999999996, 0.003643315556395524
74.0, 31, -2, -0.02464031836825394, 62.507999999999996, 0.002492794854375885
74.1, 37, -2, -0.0019175345033660652, 62.507999999999996, 0.0010546439768513358
74.2, 44, -2, 0.006231987135939712, 62.507999999999996, 0.0005752603510098196
74.3, 50, -2, 0.0088206587154839, 62.507999999999996, 0.0003835069006732131
74.4, 56, -2, 0.013902125149403973, 62.507999999999996, 9.587672516830327e-05
74.5, 62, -2, 0.014860892401087006, 62.507999999999996, 0.0
74.6, 68, -2, 0.015436152752096826, 62.507999999999996, 0.0
74.7, 75, -2, 0.016299043278611557, 62.507999999999996, 0.0
74.8, 81, -2, 0.015915536377938345, 62.507999999999996, 0.0
74.9, 87, -2, 0.016299043278611557, 62.507999999999996, 0.0
75.0, 93, -2, 0.01620316655344325, 62.507999999999996, 0.0
75.1, 99, -2, 0.01620316655344325, 62.507999999999996, 0.0
75.2, 106, -2, 0.01620316655344325, 62.507999999999996, 0.0
75.3, 112, -2, 0.016299043278611557, 62.507999999999996, 0.0
75.4, 118, -2, 0.016299043278611557, 62.507999999999996, 0.0
75.5, 124, -2, 0.01649079672894816, 62.507999999999996, 0.0
75.6, 130, -1, 0.014477385500413793, 62.507999999999996, -0.0003835069006732131
75.7, 137, -1, 0.013039234622889246, 62.507999999999996, -0.0002876301755049098
75.8, 143, -1, 0.010738193218849966, 62.507999999999996, -9.587672516830327e-05
75.9, 149, -1, 0.009587672516830327, 62.507999999999996, -9.587672516830327e-05
76.0, 155, -1, 0.009300042341325417, 62.507999999999996, 0.0
76.1, 162, -1, 0.008724781990315598, 62.507999999999996, 0.0
76.2, 168, -1, 0.009108288890988811, 62.507999999999996, 0.0
76.3, 174, -1, 0.008916535440652204, 62.507999999999996, 0.0
76.4, 180, -1, 0.00968354924199863, 62.507999999999996, 0.0
76.5, 187, -1, 0.009204165616157113, 62.507999999999996, 0.0
76.6, 193, -1, 0.00997117941750354, 62.507999999999996, 0.0
76.7, 199, -1, 0.00939591906649372, 62.507999999999996, 0.0
76.8, 205, -1, 0.009300042341325417, 62.507999999999996, 0.0
76.9, 211, -1, 0.009779425967166933, 62.507999999999996, 0.0
77.0, 218, -1, 0.009491795791662025, 62.507999999999996, 0.0
77.2, 230, -1, 0.00997117941750354, 62.507999999999996, 9.587672516830327e-05
77.4, 243, 0, 0.009491795791662025, 62.507999999999996, -0.00019175345033660654
77.5, 249, 0, 0.009012412165820508, 62.507999999999996, -0.00019175345033660654
77.6, 255, 0, 0.008533028539978992, 62.507999999999996, -9.587672516830327e-05
77.7, 261, 0, 0.007670138013464261, 62.507999999999996, -9.587672516830327e-05
77.8, 267, 0, 0.006519617311444623, 62.507999999999996, -9.587672516830327e-05
77.9, 274, 0, 0.006423740586276319, 62.507999999999996, 0.0
78.0, 280, 0, 0.006040233685603106, 49.69386, 0.0
78.1, 285, 0, 0.0048897129835834665, 37.19226, 0.0
78.2, 289, 0, 0.0059443569604348025, 27.19098, 0.0
78.3, 291, 0, 0.006423740586276319, 22.19034, 0.0
78.4, 294, 0, 0.007190754387622745, 14.68938, 0.0
78.5, 295, 0, 0.008916535440652204, 12.18906, 0.0
78.7, 295, 0, 0.12502324961946745, 62.507999999999996, 0.08782308025416578
78.8, 295, 0, 0.37737079026244164, 62.507999999999996, 0.07209929732656406
78.9, 295, 0, 0.6645215821415099, 62.507999999999996, 0.05417034972009135
79.0, 295, 1, 0.9301959875828782, 62.507999999999996, 0.037487799540806575
79.1, 298, 5, 1.1461103726618973, 62.507999999999996, 0.02550320889476867
79.2, 299, 10, 1.3024853114114, 62.507999999999996, 0.01620316655344325
79.3, 300, 15, 1.414085819507305, 62.507999999999996, 0.009779425967166933
79.4, 301, 21, 1.4867603771848787, 62.507999999999996, 0.005656726784929893
79.5, 302, 27, 1.5293296431596055, 62.507999999999996, 0.003547438831227221
79.6, 302, 33, 1.5556957425808888, 62.507999999999996, 0.0019175345033660652
79.7, 302, 39, 1.5718030324091636, 62.507999999999996, 0.0008628905265147294
79.8, 302, 45, 1.5781308962702718, 62.507999999999996, 0.0004793836258415163
79.9, 302, 51, 1.5828288558035186, 62.507999999999996, 0.00019175345033660654
80.0, 302, 58, 1.584171129955875, 62.507999999999996, 9.587672516830327e-05
80.1, 302, 64, 1.5849381437572214, 62.507999999999996, 9.587672516830327e-05
80.2, 302, 70, 1.5858969110089045, 62.507999999999996, 0.0
80.3, 302, 76, 1.5861845411844093, 62.507999999999996, 0.0
80.4, 302, 82, 1.585801034283736, 62.507999999999996, 0.0
80.5, 302, 89, 1.586088664459241, 62.507999999999996, 0.0
80.6, 302, 95, 1.5859927877340725, 62.507999999999996, 0.0
80.7, 302, 101, 1.586088664459241, 62.507999999999996, 0.0
80.8, 302, 107, 1.5861845411844093, 62.507999999999996, 0.0
80.9, 302, 114, 1.5862804179095775, 62.507999999999996, 0.0
81.0, 302, 120, 1.5863762946347457, 62.507999999999996, 0.0
81.1, 302, 126, 1.5865680480850826, 62.507999999999996, 0.0
81.2, 301, 132, 1.587047431710924, 62.507999999999996, -0.0004793836258415163
81.3, 301, 138, 1.5851298972075578, 62.507999999999996, -0.0003835069006732131
81.4, 301, 145, 1.5828288558035186, 62.507999999999996, -0.00019175345033660654
81.5, 301, 147, 1.585801034283736, 62.507999999999996, -0.0003835069006732131
81.7, 301, 147, 1.5846505135817164, 62.507999999999996, -0.0002876301755049098
81.8, 301, 147, 1.5423688777824947, 62.507999999999996, 0.002205164678870975
81.9, 301, 147, 1.4896366789399278, 62.507999999999996, 0.00556085005976159
82.0, 301, 147, 1.4313436300375995, 62.507999999999996, 0.009204165616157113
82.1, 301, 147, 1.3695990190292122, 62.507999999999996, 0.013039234622889246
82.2, 301, 147, 1.3065121338684684, 62.507999999999996, 0.016970180354789678
82.3, 301, 147, 1.2419870978302006, 62.507999999999996, 0.020997002811858418
82.4, 301, 147, 1.1776538152422689, 62.507999999999996, 0.02502382526892715
82.5, 301, 147, 1.1133205326543376, 62.507999999999996, 0.029050647725995887
82.7, 301, 147, 0.9836952002267915, 62.507999999999996, 0.03710429264013337
82.8, 301, 147, 0.9181155202116721, 62.507999999999996, 0.041226991822370405
82.9, 301, 147, 0.8528234703720576, 62.507999999999996, 0.045349691004607444
83.0, 301, 147, 0.8239645760963982, 62.507999999999996, 0.047171348782805204
83.1, 301, 147, 0.8239645760963982, 62.507999999999996, 0.047171348782805204
83.2, 301, 148, 0.8240604528215666, 62.507999999999996, 0.0010546439768513358
83.3, 305, 152, 0.8297171796064965, 62.507999999999996, 0.0007670138013464262
83.4, 309, 156, 0.8338398787887336, 62.507999999999996, 0.0008628905265147294
83.5, 313, 161, 0.8347027693152482, 62.507999999999996, 0.0005752603510098196
83.6, 317, 165, 0.8379625779709705, 62.507999999999996, 0.0005752603510098196
83.7, 321, 170, 0.8404553728253464, 62.507999999999996, 0.0002876301755049098
83.8, 325, 174, 0.8421811538783759, 62.507999999999996, 0.0003835069006732131
83.9, 329, 179, 0.8424687840538807, 62.507999999999996, 0.00019175345033660654
84.0, 333, 184, 0.8442904418320786, 62.507999999999996, 0.0
84.1, 337, 188, 0.84534508580893, 62.507999999999996, 9.587672516830327e-05
84.2, 341, 193, 0.8441945651069103, 62.507999999999996, 0.0
84.3, 345, 198, 0.8466873599612861, 62.507999999999996, -9.587672516830327e-05
84.4, 350, 202, 0.8463997297857812, 62.507999999999996, 0.0002876301755049098
84.5, 354, 207, 0.8471667435871277, 62.507999999999996, 9.587672516830327e-05
84.6, 358, 212, 0.8465914832361179, 54.6945, 0.0
84.7, 362, 216, 0.8488925246401571, 42.192899999999995, 9.587672516830327e-05
84.8, 364, 219, 0.8493719082659986, 32.19162, 0.0
84.9, 366, 221, 0.849180154815662, 24.690659999999998, 0.0
85.0, 368, 223, 0.849180154815662, 17.1897, 0.0
85.1, 369, 225, 0.849180154815662, 12.18906, -9.587672516830327e-05
85.2, 370, 225, 0.8504265522428499, 12.18906, 9.587672516830327e-05
85.3, 370, 226, 0.887434968157815, 9.376199999999999, -0.00019175345033660654
85.4, 370, 226, 0.9410300575268965, 9.376199999999999, -0.0002876301755049098
85.5, 371, 226, 0.9981725857272054, 7.18842, 0.0
85.6, 371, 226, 1.0599171967355925, 7.18842, -9.587672516830327e-05
85.7, 371, 226, 1.1230040818963363, 6.8758799999999995, -0.00019175345033660654
85.8, 371, 226, 1.1872414877590993, 6.8758799999999995, -0.0002876301755049098
85.9, 371, 226, 1.251287140171526, 6.563339999999999, -0.0003835069006732131
86.0, 371, 226, 1.3162915598356355, 6.563339999999999, -0.0004793836258415163
86.1, 371, 226, 1.3805289656983986, 6.2508, -0.0005752603510098196
86.2, 371, 226, 1.4462045224386864, 6.2508, -0.0006711370761781229
86.3, 371, 226, 1.5110171886524595, 5.93826, -0.0007670138013464262
86.4, 371, 226, 1.5758298548662326, 5.93826, -0.0008628905265147294
86.5, 371, 226, 1.640834274530342, 5.625719999999999, -0.0009587672516830326
86.6, 371, 226, 1.7056469407441153, 5.625719999999999, -0.0010546439768513358
86.7, 371, 226, 1.7706513604082246, 5.31318, -0.0011505207020196392
86.8, 371, 226, 1.835272273171661, 5.31318, -0.0012463974271879426
86.9, 371, 226, 1.8999890626602658, 5.31318, -0.0013422741523562457
87.0, 371, 226, 1.9644182219733655, 5.00064, -0.001438150877524549
87.1, 371, 226, 2.0294226416374754, 5.00064, -0.0015340276026928523
87.2, 371, 226, 2.0949064449274264, 4.6880999999999995, -0.0016299043278611557
87.3, 371, 226, 2.1594314809656945, 4.6880999999999995, -0.0017257810530294589
87.4, 371, 227, 2.164704700849951, 2.50032, -0.0013422741523562457
87.5, 371, 227, 2.129038559087342, 2.8128599999999997, -0.0012463974271879426
87.6, 371, 227, 2.080620812877349, 2.8128599999999997, -0.0012463974271879426
87.7, 371, 227, 2.0250123122797334, 2.8128599999999997, -0.0011505207020196392
87.8, 371, 227, 1.9651852357747122, 2.8128599999999997, -0.0011505207020196392
87.9, 371, 227, 1.9384356294527554, 3.1254, -0.0010546439768513358
88.0, 371, 227, 1.9384356294527554, 3.1254, -0.0010546439768513358
88.1, 371, 228, 1.939586150154775, 62.507999999999996, 0.0019175345033660652
88.2, 369, 233, 1.9497490830226154, 62.507999999999996, 0.0013422741523562457
88.3, 367, 238, 1.9560769468837231, 62.507999999999996, 0.0010546439768513358
88.4, 365, 244, 1.963267701271346, 62.507999999999996, 0.0009587672516830326
88.5, 362, 249, 1.9684450444304344, 62.507999999999996, 0.0002876301755049098
88.6, 360, 255, 1.9706502091093052, 62.507999999999996, 0.0003835069006732131
88.7, 358, 261, 1.973143003963681, 62.507999999999996, 0.0005752603510098196
88.8, 355, 266, 1.9745811548412058, 62.507999999999996, 0.00019175345033660654
88.9, 353, 272, 1.9779368402220965, 62.507999999999996, 0.0002876301755049098
89.0, 350, 278, 1.9786079772982745, 62.507999999999996, 9.587672516830327e-05
89.1, 348, 283, 1.980909018702314, 62.507999999999996, 9.587672516830327e-05
89.2, 345, 289, 1.9813884023281554, 62.507999999999996, 0.0
89.3, 343, 295, 1.9824430463050067, 62.507999999999996, 0.00019175345033660654
89.4, 340, 300, 1.9823471695798383, 62.507999999999996, 0.0
89.5, 338, 306, 1.982922429930848, 59.695139999999995, 9.587672516830327e-05
89.6, 336, 312, 1.984456457533541, 41.56782, 0.0003835069006732131
89.7, 334, 315, 1.9847440877090459, 34.691939999999995, 9.587672516830327e-05
89.8, 332, 319, 1.9856069782355605, 22.19034, 0.0
89.9, 331, 321, 1.9863739920369072, 17.1897, 0.0
90.0, 331, 323, 1.9872368825634217, 11.87652, 0.0002876301755049098
90.1, 330, 323, 1.9880038963647684, 12.18906, 0.0
90.2, 330, 324, 2.0251081890049014, 9.68874, 0.0
90.3, 330, 324, 2.078607401648815, 9.68874, 0.0
90.4, 330, 324, 2.137188080726648, 9.376199999999999, -0.00019175345033660654
90.5, 330, 325, 2.1989326917350356, 7.18842, 0.0
90.6, 330, 325, 2.2619237001706103, 7.18842, -9.587672516830327e-05
90.7, 330, 325, 2.3256817224075323, 6.8758799999999995, -0.00019175345033660654
90.8, 330, 325, 2.3900150049954636, 6.8758799999999995, -0.0002876301755049098
90.9, 330, 325, 2.4545400410337317, 6.563339999999999, -0.0003835069006732131
91.0, 330, 325, 2.5195444606978414, 6.563339999999999, -0.0004793836258415163
91.1, 330, 325, 2.5840694967361095, 6.2508, -0.0005752603510098196
91.2, 330, 325, 2.649361546575724, 6.2508, -0.0006711370761781229
91.3, 330, 325, 2.7142700895146654, 5.93826, -0.0007670138013464262
91.4, 330, 325, 2.7794662626291116, 5.93826, -0.0008628905265147294
91.5, 330, 325, 2.8441830521177165, 5.625719999999999, -0.0009587672516830326
91.6, 330, 325, 2.9088039648811526, 5.625719999999999, -0.0010546439768513358
91.7, 330, 325, 2.9737125078200943, 5.31318, -0.0011505207020196392
91.8, 330, 325, 3.0385251740338672, 5.31318, -0.0012463974271879426
91.9, 330, 325, 3.0439901473684605, 5.31318, -0.0012463974271879426
92.0, 329, 325, 3.0080363754303465, 4.6880999999999995, -0.0016299043278611557
92.1, 329, 325, 2.959714505945522, 4.6880999999999995, -0.0015340276026928523
92.2, 329, 325, 2.9039142518975694, 5.00064, -0.001438150877524549
92.3, 329, 325, 2.843799545217043, 5.00064, -0.0013422741523562457
92.4, 329, 325, 2.8171458156202545, 5.00064, -0.0013422741523562457
92.5, 329, 325, 2.8171458156202545, 5.00064, -0.0013422741523562457
92.6, 329, 325, 2.81743344579576, 62.507999999999996, 0.0016299043278611557
92.7, 325, 326, 2.823761309656868, 62.507999999999996, 0.0010546439768513358
92.8, 320, 328, 2.8288427760907875, 62.507999999999996, 0.0010546439768513358
92.9, 314, 330, 2.834115995975045, 62.507999999999996, 0.0007670138013464262
93.0, 308, 331, 2.8358417770280737, 62.507999999999996, 0.0002876301755049098
93.1, 303, 333, 2.8402521063858157, 62.507999999999996, 0.0002876301755049098
93.2, 297, 335, 2.84341603831637, 62.507999999999996, 0.0002876301755049098
93.3, 291, 337, 2.845237696094568, 62.507999999999996, 0.0002876301755049098
93.4, 285, 339, 2.8463882167965875, 62.507999999999996, 0.0003835069006732131
93.5, 279, 341, 2.8474428607734388, 62.507999999999996, 0.0003835069006732131
93.6, 273, 342, 2.848113997849617, 62.507999999999996, 0.0
93.7, 267, 344, 2.8485933814754585, 62.507999999999996, 9.587672516830327e-05
93.8, 261, 346, 2.8499356556278146, 62.507999999999996, 9.587672516830327e-05
93.9, 255, 348, 2.8502232858033194, 62.507999999999996, 0.00019175345033660654
94.0, 249, 349, 2.8514696832305075, 62.507999999999996, -9.587672516830327e-05
94.1, 243, 351, 2.8523325737570224, 49.69386, 0.0
94.2, 238, 353, 2.8519490668563487, 36.87972, 0.00019175345033660654
94.3, 235, 354, 2.853099587558369, 29.37876, 0.00019175345033660654
94.4, 232, 355, 2.8537707246345465, 21.8778, 0.0002876301755049098
94.5, 230, 355, 2.8536748479093785, 17.1897, 0.0
94.6, 228, 356, 2.854250108260388, 11.87652, 0.00019175345033660654
94.7, 227, 356, 2.8290345295411243, 9.68874, 9.587672516830327e-05
94.8, 227, 356, 2.7806167833311313, 9.376199999999999, 0.00019175345033660654
94.9, 226, 356, 2.7246247758328423, 7.18842, 9.587672516830327e-05
95.0, 226, 356, 2.6642224389768114, 6.8758799999999995, 0.00019175345033660654
95.1, 226, 356, 2.6018066908922455, 6.8758799999999995, 0.0002876301755049098
95.2, 226, 356, 2.5381445453804923, 6.563339999999999, 0.0003835069006732131
95.3, 226, 357, 2.473427755891888, 5.625719999999999, 0.0009587672516830326
95.4, 226, 357, 2.4094779802046298, 5.625719999999999, 0.0010546439768513358
95.5, 226, 357, 2.3457199579677077, 5.31318, 0.0011505207020196392
95.6, 226, 357, 2.280427908128093, 5.31318, 0.0012463974271879426
95.7, 226, 357, 2.2153276117388154, 5.00064, 0.0013422741523562457
95.8, 226, 357, 2.1502273153495373, 5.00064, 0.001438150877524549
95.9, 226, 357, 2.0852228956854275, 4.6880999999999995, 0.0015340276026928523
96.0, 226, 357, 2.020026722570982, 4.6880999999999995, 0.0016299043278611557
96.1, 226, 357, 1.9550223029068718, 4.37556, 0.0017257810530294589
96.2, 226, 357, 1.8893467461665843, 4.37556, 0.001821657778197762
96.3, 226, 357, 1.8250134635786528, 4.06302, 0.0019175345033660652
96.4, 226, 357, 1.7605843042655527, 4.06302, 0.0020134112285343686
96.5, 226, 357, 1.6951963777007701, 3.7504799999999996, 0.0021092879537026716
96.6, 226, 357, 1.630671341662502, 3.7504799999999996, 0.002205164678870975
96.7, 226, 357, 1.5653792918228875, 3.4379399999999998, 0.0023010414040392784
96.8, 226, 357, 1.5004707488839462, 3.4379399999999998, 0.0023969181292075818
96.9, 226, 357, 1.435370452494668, 3.1254, 0.002492794854375885
97.0, 226, 357, 1.3701742793802218, 3.1254, 0.002588671579544188
97.1, 226, 357, 1.3057451200671222, 2.8128599999999997, 0.0026845483047124915
97.2, 226, 357, 1.240548946952676, 2.8128599999999997, 0.002780425029880795
97.3, 226, 357, 1.17535277383823, 2.50032, 0.002876301755049098
97.4, 226, 357, 1.1103483541741201, 2.50032, 0.0029721784802174012
97.5, 226, 357, 1.0447686741590008, 2.18778, 0.0030680552053857046
97.6, 226, 357, 0.9803395148459009, 2.18778, 0.003163931930554008
97.7, 226, 357, 0.9155268486321279, 1.8752399999999998, 0.0032598086557223114
97.8, 226, 357, 0.8506183056931865, 1.8752399999999998, 0.0033556853808906144
97.9, 226, 357, 0.7860932696549185, 1.8752399999999998, 0.0034515621060589178
98.0, 226, 357, 0.7210888499908088, 1.5627, 0.003547438831227221
98.1, 226, 357, 0.655988553601531, 1.5627, 0.003643315556395524
98.2, 226, 357, 0.5906965037619164, 1.25016, 0.003739192281563827
98.3, 226, 357, 0.5261714677236484, 1.25016, 0.0038350690067321305
98.4, 226, 357, 0.4613588015098753, 0.9376199999999999, 0.003930945731900433
98.5, 226, 357, 0.3962585051205974, 0.9376199999999999, 0.004026822457068737
98.6, 226, 357, 0.3311582087313195, 0.62508, 0.00412269918223704
98.7, 226, 357, 0.26596203561687326, 0.62508, 0.004218575907405343
98.8, 226, 357, 0.20105349267793193, 0.31254, 0.004314452632573647
98.9, 226, 357, 0.1355696893879808, 0.31254, 0.00441032935774195
99.0, 226, 357, 0.07142816025038594, 0.0, 0.004506206082910254
99.1, 226, 357, 0.006231987135939712, 0.0, 0.004602082808078557
99.2, 226, 357, -0.05896418597850651, 0.0, -0.004506206082910254
99.3, 226, 357, -0.12377685219227952, 0.0, -0.00441032935774195
99.4, 226, 357, -0.1885895184060525, 0.31254, -0.004314452632573647
99.5, 226, 357, -0.1935751081148043, 0.31254, -0.004314452632573647
99.6, 226, 357, -0.15723782927601734, 0.31254, -0.004314452632573647
99.7, 225, 357, -0.1083406994401827, 0.0, -0.0029721784802174012
99.8, 225, 357, -0.05244456866706189, 0.0, -0.0029721784802174012
99.9, 225, 357, -0.026941359772293217, 0.0, -0.0029721784802174012
100.0, 225, 357, -0.026941359772293217, 62.507999999999996, -0.001438150877524549
100.1, 227, 357, -0.026653729596788307, 62.507999999999996, -0.0015340276026928523
100.2, 233, 357, -0.046020828080785565, 62.507999999999996, -0.0005752603510098196
100.3, 238, 357, -0.047363102233141816, 62.507999999999996, -0.0005752603510098196
100.4, 244, 357, -0.05023940398819091, 62.507999999999996, -0.0006711370761781229
100.5, 250, 356, -0.05474561007110116, 62.507999999999996, -9.587672516830327e-05
100.6, 256, 356, -0.05599200749828911, 62.507999999999996, -0.0002876301755049098
100.7, 262, 356, -0.05800541872682348, 62.507999999999996, -0.0002876301755049098
100.8, 269, 355, -0.05934769287917972, 62.507999999999996, 0.0
100.9, 275, 355, -0.05963532305468463, 62.507999999999996, -0.00019175345033660654
101.0, 281, 355, -0.060785843756704275, 62.507999999999996, -0.0002876301755049098
101.1, 287, 354, -0.06193636445872391, 62.507999999999996, 0.0
101.2, 293, 354, -0.061648734283219, 62.507999999999996, -0.00019175345033660654
101.3, 300, 353, -0.06299100843557526, 62.507999999999996, 0.0
101.4, 306, 353, -0.06299100843557526, 62.507999999999996, -9.587672516830327e-05
101.5, 312, 353, -0.06327863861108014, 54.38196, -0.00019175345033660654
101.6, 317, 352, -0.0646209127634364, 42.192899999999995, 0.0
101.7, 322, 352, -0.06394977568725828, 29.6913, -9.587672516830327e-05
101.8, 325, 352, -0.06385389896208997, 21.8778, -0.00019175345033660654
101.9, 327, 352, -0.06414152913759488, 16.87716, -0.00019175345033660654
102.0, 329, 352, -0.06557968001511943, 11.87652, -0.0002876301755049098
102.1, 330, 352, -0.05800541872682348, 9.376199999999999, -0.0002876301755049098
102.2, 330, 352, -0.008053644914137474, 9.063659999999999, -0.0003835069006732131
102.3, 330, 352, 0.04793836258415163, 9.063659999999999, -0.0005752603510098196
102.4, 331, 352, 0.10766956236400457, 6.2508, -0.0005752603510098196
102.5, 331, 352, 0.1703729406240749, 6.2508, -0.0006711370761781229
102.6, 331, 352, 0.23269281198347203, 5.93826, -0.0007670138013464262
102.7, 331, 352, 0.2969302178462352, 5.93826, -0.0008628905265147294
102.8, 331, 352, 0.3614552538845033, 5.625719999999999, -0.0009587672516830326
102.9, 331, 352, 0.4257885364724348, 5.625719999999999, -0.0010546439768513358
103.0, 331, 352, 0.4905053259610395, 5.31318, -0.0011505207020196392
103.1, 331, 352, 0.5549344852741392, 5.31318, -0.0012463974271879426
103.2, 331, 352, 0.6200347816634172, 5.00064, -0.0013422741523562457
103.3, 331, 352, 0.6845598177016854, 5.00064, -0.001438150877524549
103.4, 331, 352, 0.7498518675412998, 4.6880999999999995, -0.0015340276026928523
103.5, 331, 352, 0.8154315475564192, 4.6880999999999995, -0.0016299043278611557
103.6, 331, 352, 0.8804359672205289, 4.37556, -0.0017257810530294589
103.7, 331, 352, 0.9450568799839653, 4.37556, -0.001821657778197762
103.8, 331, 352, 1.0106365599990847, 4.06302, -0.0019175345033660652
103.9, 331, 352, 1.0754492262128577, 4.06302, -0.0020134112285343686
104.0, 331, 352, 1.140645399327304, 3.7504799999999996, -0.0021092879537026716
104.1, 331, 352, 1.20641683279276, 3.7504799999999996, -0.002205164678870975
104.2, 331, 352, 1.2701748550296816, 3.4379399999999998, -0.0023010414040392784
104.3, 331, 352, 1.3346040143427815, 3.4379399999999998, -0.0023969181292075818
104.4, 331, 352, 1.399608434006891, 3.1254, -0.002492794854375885
104.5, 331, 352, 1.4649004838465054, 3.1254, -0.002588671579544188
104.6, 331, 352, 1.5298090267854467, 2.8128599999999997, -0.0026845483047124915
104.7, 331, 352, 1.59462169299922, 2.8128599999999997, -0.002780425029880795
104.8, 331, 352, 1.6602972497395077, 2.50032, -0.002876301755049098
104.9, 331, 352, 1.7247264090526075, 2.50032, -0.0029721784802174012
105.0, 331, 352, 1.7895390752663805, 2.18778, -0.0030680552053857046
105.1, 331, 352, 1.8547352483808266, 2.18778, -0.003163931930554008
105.2, 331, 352, 1.9197396680449363, 1.8752399999999998, -0.0032598086557223114
105.3, 331, 351, 1.9853193480600557, 2.50032, -0.002876301755049098
105.4, 331, 351, 2.049460877197651, 2.50032, -0.0029721784802174012
105.5, 331, 351, 2.114081789961087, 2.18778, -0.0030680552053857046
105.6, 331, 351, 2.17831919582385, 2.18778, -0.003163931930554008
105.7, 331, 351, 2.244282382739643, 1.8752399999999998, -0.0032598086557223114
105.8, 331, 351, 2.309190925678584, 1.8752399999999998, -0.0033556853808906144
105.9, 331, 351, 2.374291222067862, 1.5627, -0.0034515621060589178
106.0, 331, 351, 2.43939151845714, 1.5627, -0.003547438831227221
106.1, 331, 351, 2.5041083079457445, 1.25016, -0.003643315556395524
106.2, 331, 351, 2.569112727609854, 1.25016, -0.003739192281563827
106.3, 331, 351, 2.6337336403732907, 0.9376199999999999, -0.0038350690067321305
106.4, 331, 351, 2.698642183312232, 0.9376199999999999, -0.003930945731900433
106.5, 331, 351, 2.7638383564266786, 0.62508, -0.004026822457068737
106.6, 331, 351, 2.8289386528159564, 0.62508, -0.00412269918223704
106.7, 331, 351, 2.8932719354038876, 0.31254, -0.004218575907405343
106.8, 331, 351, 2.9582763550679974, 0.31254, -0.004314452632573647
106.9, 331, 351, 3.022705514381097, 0.0, -0.00441032935774195
107.0, 331, 351, 3.0879975642207116, 0.0, -0.004506206082910254
107.1, 331, 351, -3.1299915698444285, 0.0, 0.004602082808078557
107.2, 331, 351, -3.0649871501803188, 0.0, 0.004506206082910254
107.3, 331, 351, -3.0004621141420507, 0.31254, 0.00441032935774195
107.4, 331, 351, -2.9356494479282778, 0.31254, 0.004314452632573647
107.5, 331, 351, -2.870645028264168, 0.62508, 0.004218575907405343
107.6, 331, 351, -2.805832362050395, 0.62508, 0.00412269918223704
107.7, 331, 351, -2.7407320656611174, 0.9376199999999999, 0.004026822457068737
107.8, 331, 351, -2.676111152897681, 0.9376199999999999, 0.003930945731900433
107.9, 331, 351, -2.6110108565084027, 1.25016, 0.0038350690067321305
108.0, 331, 351, -2.546102313569462, 1.25016, 0.003739192281563827
108.1, 331, 351, -2.481097893905352, 1.5627, 0.003643315556395524
108.2, 331, 351, -2.4167646113174204, 1.5627, 0.003547438831227221
108.3, 331, 351, -2.4105326241814806, 1.5627, 0.003547438831227221
108.4, 331, 351, -2.4450482452420697, 1.5627, 0.003547438831227221
108.5, 331, 351, -2.492794854375885, 1.25016, 0.003643315556395524
108.6, 331, 351, -2.548115724797996, 1.25016, 0.003739192281563827
108.7, 331, 351, -2.6086139383791953, 1.25016, 0.0038350690067321305
108.8, 331, 351, -2.636514065403172, 0.9376199999999999, 0.0038350690067321305
108.9, 331, 351, -2.636514065403172, 0.9376199999999999, 0.0038350690067321305
109.1, 331, 351, -2.6370893257541814, 62.507999999999996, 0.0
109.2, 326, 348, -2.6394862438833893, 62.507999999999996, 0.0
109.3, 321, 345, -2.64226666891327, 62.507999999999996, 0.0
109.4, 316, 343, -2.6414996551119234, 62.507999999999996, 0.0002876301755049098
109.5, 311, 340, -2.639869750784062, 62.507999999999996, 9.587672516830327e-05
109.6, 306, 337, -2.6393903671582204, 62.507999999999996, 0.0
109.7, 300, 334, -2.6384315999065375, 62.507999999999996, 9.587672516830327e-05
109.8, 295, 331, -2.6391027369827156, 62.507999999999996, 9.587672516830327e-05
109.9, 289, 328, -2.6377604628303595, 62.507999999999996, 9.587672516830327e-05
110.0, 284, 325, -2.6371852024793494, 62.507999999999996, 0.0
110.1, 278, 322, -2.6372810792045183, 62.507999999999996, 0.00019175345033660654
110.2, 273, 319, -2.6371852024793494, 62.507999999999996, 9.587672516830327e-05
110.3, 267, 316, -2.636418188678003, 62.507999999999996, 0.00019175345033660654
110.4, 262, 313, -2.636514065403172, 62.507999999999996, 9.587672516830327e-05
110.5, 257, 310, -2.637664586105191, 49.69386, 0.0
110.6, 252, 308, -2.6362264352276665, 36.87972, 0.0002876301755049098
110.7, 249, 306, -2.635651174876657, 27.19098, 9.587672516830327e-05
110.8, 247, 304, -2.635075914525647, 19.69002, -9.587672516830327e-05
110.9, 245, 303, -2.6346924076249736, 14.68938, -9.587672516830327e-05
111.0, 244, 303, -2.634308900724301, 12.18906, 0.0
111.1, 244, 303, -2.63545942142632, 62.507999999999996, -0.030105291702847224
111.2, 241, 302, -2.7335413112734943, 62.507999999999996, -0.02444856491791733
111.3, 236, 300, -2.874096590370227, 62.507999999999996, -0.01668255017928477
111.4, 231, 299, -2.9856012217409633, 62.507999999999996, -0.010162932867840146
111.5, 226, 298, -3.064507766554477, 62.507999999999996, -0.005752603510098196
111.6, 220, 298, -3.1100492110094216, 62.507999999999996, -0.002876301755049098
111.7, 214, 298, -3.1336348854008236, 62.507999999999996, -0.001438150877524549
111.8, 208, 298, 3.1350730362783485, 62.507999999999996, -0.0004793836258415163
111.9, 202, 298, 3.128553418966904, 62.507999999999996, -9.587672516830327e-05
112.0, 196, 298, 3.1264441310132014, 62.507999999999996, 0.0
112.1, 189, 298, 3.126060624112528, 62.507999999999996, 0.0
112.2, 183, 298, 3.126156500837696, 62.507999999999996, 0.0
112.3, 177, 298, 3.1258688706621913, 62.507999999999996, 0.0
112.4, 171, 298, 3.126156500837696, 62.507999999999996, 0.0
112.5, 164, 298, 3.126060624112528, 62.507999999999996, 0.0
112.6, 158, 298, 3.126827637913874, 62.507999999999996, 0.0
112.7, 152, 298, 3.1265400077383694, 62.507999999999996, 0.0
112.8, 146, 298, 3.126635884463538, 62.507999999999996, 0.0
112.9, 140, 298, 3.1258688706621913, 62.507999999999996, 0.0
113.0, 133, 298, 3.126635884463538, 62.507999999999996, 0.0
113.1, 127, 298, 3.1262523775628646, 62.507999999999996, 0.0
113.2, 121, 298, 3.1265400077383694, 62.507999999999996, 0.0
113.3, 115, 298, 3.1262523775628646, 62.507999999999996, 0.0
113.4, 108, 298, 3.126827637913874, 62.507999999999996, -9.587672516830327e-05
113.5, 102, 298, 3.126348254288033, 62.507999999999996, -9.587672516830327e-05
113.6, 96, 298, 3.1256771172118545, 62.507999999999996, -0.00019175345033660654
113.7, 90, 298, 3.1251977335860133, 62.507999999999996, -0.00019175345033660654
113.8, 84, 298, 3.123567829258152, 62.507999999999996, -9.587672516830327e-05
113.9, 77, 299, 3.122896692181974, 62.507999999999996, 9.587672516830327e-05
114.0, 71, 299, 3.123471952532984, 62.507999999999996, 9.587672516830327e-05
114.1, 65, 299, 3.1240472128839936, 62.507999999999996, 0.0
114.2, 59, 299, 3.1243348430594984, 62.507999999999996, 0.0
114.3, 52, 299, 3.1242389663343304, 62.507999999999996, 0.0
114.4, 46, 299, 3.124430719784667, 62.507999999999996, 0.0
114.5, 40, 299, 3.124718349960172, 62.507999999999996, -9.587672516830327e-05
114.6, 34, 299, 3.1240472128839936, 62.507999999999996, -9.587672516830327e-05
114.7, 28, 299, 3.123471952532984, 62.507999999999996, -0.00019175345033660654
114.8, 21, 300, 3.1229925689071423, 52.194179999999996, 9.587672516830327e-05
114.9, 16, 300, 3.1233760758078155, 39.69258, 9.587672516830327e-05
115.0, 12, 300, 3.1233760758078155, 29.6913, 9.587672516830327e-05
115.1, 9, 300, 3.123471952532984, 22.19034, 0.0
115.2, 7, 300, 3.1233760758078155, 17.1897, 0.0
115.4, 4, 300, -3.039196311110045, 62.507999999999996, 0.08974061475753185
115.5, 4, 300, -2.786848770467071, 62.507999999999996, 0.07401683182993012
115.6, 4, 300, -2.495383525955429, 62.507999999999996, 0.0558002540479525
115.7, 4, 300, -2.233640066245961, 62.507999999999996, 0.039405334044172645
115.8, 2, 297, -2.0129318449085267, 62.507999999999996, 0.026557852871620005
115.9, 0, 292, -1.8521465768012824, 62.507999999999996, 0.017545440705799498
116.0, -1, 286, -1.7374780134999919, 62.507999999999996, 0.010834069944018268
116.1, -2, 280, -1.6585714686864783, 62.507999999999996, 0.006423740586276319
116.2, -2, 275, -1.611687750079178, 62.507999999999996, 0.0034515621060589178
116.3, -2, 268, -1.583020609253855, 62.507999999999996, 0.0017257810530294589
116.4, -2, 262, -1.5697896211806293, 62.507999999999996, 0.0008628905265147294
116.5, -2, 256, -1.5625029900678384, 62.507999999999996, 0.0003835069006732131
116.6, -2, 250, -1.558859674511443, 62.507999999999996, 0.00019175345033660654
116.7, -2, 244, -1.5562710029318987, 62.507999999999996, 0.0
116.8, -2, 238, -1.5550246055047108, 62.507999999999996, 0.0
116.9, -2, 231, -1.555408112405384, 62.507999999999996, 0.0
117.0, -2, 225, -1.5547369753292057, 62.507999999999996, 0.0
117.1, -2, 219, -1.555408112405384, 62.507999999999996, 0.0
117.2, -2, 213, -1.5546410986040375, 62.507999999999996, 0.0
117.3, -2, 206, -1.5542575917033643, 62.507999999999996, 0.0
117.4, -2, 200, -1.5545452218788691, 62.507999999999996, 0.0
117.5, -2, 194, -1.554449345153701, 62.507999999999996, 0.0
117.6, -2, 188, -1.5547369753292057, 62.507999999999996, 0.0
117.7, -2, 182, -1.5543534684285325, 62.507999999999996, 0.0
117.8, -2, 175, -1.5546410986040375, 62.507999999999996, 0.0
117.9, -2, 169, -1.5541617149781959, 62.507999999999996, 0.0
118.0, -2, 163, -1.5541617149781959, 62.507999999999996, 0.0
118.1, -2, 157, -1.5537782080775229, 62.507999999999996, 0.0
118.2, -2, 151, -1.5537782080775229, 62.507999999999996, 0.0
118.3, -2, 144, -1.554832852054374, 62.507999999999996, 0.0
118.4, -1, 138, -1.5579009072597598, 62.507999999999996, -0.0002876301755049098
118.5, -1, 132, -1.5597225650379574, 62.507999999999996, -0.00019175345033660654
118.6, -1, 126, -1.560201948663799, 62.507999999999996, 0.0
118.7, -1, 119, -1.5597225650379574, 62.507999999999996, 0.0
118.8, -1, 113, -1.5600101952134624, 62.507999999999996, 0.0
118.9, -1, 107, -1.559530811587621, 62.507999999999996, 0.0
119.0, -1, 101, -1.558859674511443, 62.507999999999996, 0.0
119.1, -1, 95, -1.5592431814121162, 62.507999999999996, 0.0
119.2, -1, 88, -1.5601060719386308, 62.507999999999996, 0.0
119.3, -1, 82, -1.5594349348624525, 62.507999999999996, 0.0
119.4, -1, 76, -1.5601060719386308, 62.507999999999996, 0.0
119.5, -1, 70, -1.5598184417631258, 62.507999999999996, 9.587672516830327e-05
119.6, -1, 63, -1.5597225650379574, 62.507999999999996, 9.587672516830327e-05
119.7, -1, 57, -1.5587637977862745, 62.507999999999996, 9.587672516830327e-05
119.8, 0, 51, -1.5585720443359379, 62.507999999999996, -0.0002876301755049098
119.9, 0, 45, -1.5594349348624525, 62.507999999999996, -0.00019175345033660654
120.0, 0, 38, -1.560201948663799, 62.507999999999996, -9.587672516830327e-05
120.1, 0, 32, -1.5601060719386308, 62.507999999999996, -9.587672516830327e-05
120.2, 0, 26, -1.5609689624651453, 62.507999999999996, -9.587672516830327e-05
120.3, 0, 20, -1.5623112366175016, 49.69386, 0.0
